Road Code,From (km),To (km),Depot,EE,CE,Province,Count
A0000,0,3570,CMC,Colombo,Colombo,Western Province,
A0000,3570,7075,Nawala,Colombo,Colombo,Western Province,
A0001,0,4700,CMC,Colombo,Colombo,Western Province,
A0001,4700,5860,Orugodawatta,Colombo,Colombo,Western Province,
A0001,5860,22580,Kadawatha,Gampaha,Gampaha,Western Province,
A0001,22580,33850,Gampaha,Gampaha,Gampaha,Western Province,1.0
A0001,33850,44080,Nittambuwa,Nittambuwa,Gampaha,Western Province,
A0001,44080,55900,Mirigama,Nittambuwa,Gampaha,Western Province,
A0001,55900,66070,Warakapola,Kegalle,Kegalle,Sabaragamuwa Province,
A0001,66070,73070,Abanpitiya,Kegalle,Kegalle,Sabaragamuwa Province,
A0001,73070,81070,Dewalegama,Kegalle,Kegalle,Sabaragamuwa Province,
A0001,81070,85075,Rambukkana,Kegalle,Kegalle,Sabaragamuwa Province,
A0001,85075,98710,Molagoda,Kegalle,Kegalle,Sabaragamuwa Province,
A0001,98710,109240,Kadugannawa,Kadugannawa,Kandy,Central Province,2.0
A0001,109240,115615,Gatambe,Kandy,Kandy,Central Province,1.0
A0002,0,8227,CMC,Colombo,Colombo,Western Province,
A0002,8227,19500,Ratmalana,Colombo,Colombo,Western Province,
A0002,19500,37080,Panadura,Kalutara,Kalutara,Western Province,
A0002,37080,61080,Kalutara,Kalutara,Kalutara,Western Province,
A0002,61080,86090,Karandeniya,Galle,Galle,Southern Province,
A0002,86090,98130,Baddegama,Galle,Galle,Southern Province,10.0
A0002,98130,135260,Nugaduwa,Galle,Galle,Southern Province,20.0
A0002,135260,158090,Weligama,Matara,Matara,Southern Province,
A0002,158090,185100,Welewatta,Matara,Matara,Southern Province,
A0002,185100,231120,Tangalle,Tangalle,Hambantota,Southern Province,
A0002,231120,258000,Uda malala,Hambantota,Hambantota,Southern Province,
A0002,258000,281940,Weerawila,Hambantota,Hambantota,Southern Province,
A0002,281940,318465,Bodagama,Monaragala,Monaragala,UVA Province,
A0003,0,2005,Kadawatha,Gampaha,Gampaha,Western Province,
A0003,2005,6940,Wattala,Negambo,Gampaha,Western Province,
A0003,6940,18330,Ja-ela,Negambo,Gampaha,Western Province,
A0003,18330,37900,Negambo unit,Negambo,Gampaha,Western Province,
A0003,37900,49990,Haldaduwana,Chilaw,Chilaw,North Western Province,
A0003,49990,65000,Walahapitiya,Chilaw,Chilaw,North Western Province,
A0003,65000,71015,Kokkawila,Chilaw,Chilaw,North Western Province,
A0003,71015,93825,Chilaw,Chilaw,Chilaw,North Western Province,
A0003,93825,105055,Andigama,Puttalam,Chilaw,North Western Province,
A0003,105055,122055,Palawi,Puttalam,Chilaw,North Western Province,
A0003,122055,126930,Puttalam,Puttalam,Chilaw,North Western Province,
A0004,0,9145,CMC,Colombo,Colombo,Western Province,
A0004,9145,18260,Navinna,Colombo,Colombo,Western Province,
A0004,18260,26250,Homagama,Avissawella,Colombo,Western Province,
A0004,26250,37280,Galagedara,Avissawella,Colombo,Western Province,
A0004,37280,61075,Kaluaggala,Avissawella,Colombo,Western Province,
A0004,61075,99385,Parakaduwa,Ratnapura,Ratnapura,Sabaragamuwa Province,
A0004,99385,105315,Malwala,Ratnapura,Ratnapura,Sabaragamuwa Province,
A0004,105315,130240,Madampe,Pelmadulla,Ratnapura,Sabaragamuwa Province,
A0004,130240,145200,Horaketiya,Pelmadulla,Ratnapura,Sabaragamuwa Province,
A0004,145200,167800,Pagal owita,Pelmadulla,Ratnapura,Sabaragamuwa Province,
A0004,167800,213815,Ella,Bandarawela,Badulla,UVA Province,
A0004,213815,259350,Pelwatta,Monaragala,Monaragala,UVA Province,
A0004,259350,293020,Siyambalanduwa,Bibile,Monaragala,UVA Province,
A0004,293020,335250,Pottuvil,Akkaraipattu,Akkaraipattu,Add.P Akkaraipattu,
A0004,335250,364060,Thirukkovil,Akkaraipattu,Akkaraipattu,Add.P Akkaraipattu,
A0004,364060,368000,Akkaraipattu,Akkaraipattu,Akkaraipattu,Add.P Akkaraipattu,
A0004,368000,391430,Chavalakadi,Kalmunai,Akkaraipattu,Add.P Akkaraipattu,
A0004,391430,417930,Kalawanchikudi,Batticaloa,Batticaloa,Eastern Province,
A0004,417930,426115,Pilleyardi,Batticaloa,Batticaloa,Eastern Province,
A0005,0,31870,Meewathura,Kadugannawa,Kandy,Central Province,
A0005,31870,58520,Ramboda,Nuwara Eliya,Nuwara Eliya,Central Province,2.0
A0005,58520,75740,Bambarakale,Nuwara Eliya,Nuwara Eliya,Central Province,
A0005,75740,92420,Mirahawatta,Bandarawela,Badulla,UVA Province,
A0005,92420,122570,Hali-Ela,Badulla,Badulla,UVA Province,
A0005,122570,159840,Debadda,Badulla,Badulla,UVA Province,
A0005,159840,199920,Bibile ,Bibile,Monaragala,UVA Province,
A0005,199920,239225,Padiyatalawa ,Dehiatthakandiya,Ampara,Add.P Akkaraipattu,
A0005,239225,271620,Pilleyardi,Batticaloa,Batticaloa,Eastern Province,
A0006,0,7070,Warakapola,Kegalle,Kegalle,Sabaragamuwa Province,
A0006,7070,29900,Bulugolla,Kurunegala,Kurunegala,North Western Province,1.0
A0006,29900,42835,Kurunegala,Kurunegala,Kurunegala,North Western Province,
A0006,42835,68920,Kiribamuna,Kurunegala,Kurunegala,North Western Province,
A0006,68920,84721,Beligamuwa,Nalanda,Matale,Central Province,
A0006,84721,107740,Inamaluwa,Nalanda,Matale,Central Province,2.0
A0006,107740,147190,Ambagaswewa,Habarana,Polonnaruwa,North Central Province,
A0006,147190,174680,Kanthale,Trincomalee,Trincomalee,Eastern Province,
A0006,174680,192690,"Thamealaegamam
",Trincomalee,Trincomalee,Eastern Province,
A0006,192690,198580,Town depot (Trincomalee),Trincomalee,Trincomalee,Eastern Province,
A0007,0,650,Kaluaggala,Avissawella,Colombo,Western Province,
A0007,650,13940,Dehiowita,Ruwanwella,Kegalle,Sabaragamuwa Province,
A0007,13940,41130,Yatiyanthota,Ruwanwella,Kegalle,Sabaragamuwa Province,
A0007,41130,57850,Norton Bridge,Norwood,Nuwara Eliya,Central Province,2.0
A0007,57850,84750,Kotagala,Norwood,Nuwara Eliya,Central Province,1.0
A0007,84750,115360,Summerset,Nuwara Eliya,Nuwara Eliya,Central Province,
A0008,0,6000,Panadura,Kalutara,Kalutara,Western Province,
A0008,6000,14020,Bandaragama,Kalutara,Kalutara,Western Province,
A0008,14020,20020,Madurawala,Horana,Kalutara,Western Province,
A0008,20020,36370,Ingiriya,Horana,Kalutara,Western Province,
A0008,36370,67380,Epitawala,Ratnapura,Ratnapura,Sabaragamuwa Province,
A0009,0,4525,Gatambe,Kandy,Kandy,Central Province,
A0009,4525,17200,Malpana,Kundasale,Kandy,Central Province,2.0
A0009,17200,26500,Matale,Matale,Matale,Central Province,1.0
A0009,26500,46085,Dombawela,Matale,Matale,Central Province,1.0
A0009,46085,67500,Nalanda,Nalanda,Matale,Central Province,
A0009,67500,76540,Inamaluwa,Nalanda,Matale,Central Province,
A0009,76540,121630,Maradankadawala,Maradankadawala,Anuradhapura,North Central Province,
A0009,121630,141160,Seeppkulama,Anuradhapura,Anuradhapura,North Central Province,
A0009,141160,168170,Medawacchiya,Medawachchiya,Anuradhapura,North Central Province,2.0
A0009,168170,190020,Vavuniya,Vavuniya,Vavuniya,Northern Province,
A0009,190020,222550,Kanagarayankulam,Vavuniya,Vavuniya,Northern Province,
A0009,222550,242290,Mankulam,Mullaitivu,Mullaitivu,Northern Province,
A0009,242290,253960,Kilinochchi town,Kilinochchi,Mullaitivu,Northern Province,
A0009,253960,287980,Paranthan,Kilinochchi,Mullaitivu,Northern Province,
A0009,287980,314050,Kaithadi,Point Pedro,Jaffna,Northern Province,
A0009,314050,321040,Jaffna,Jaffna,Jaffna,Northern Province,
A0010,0,16140,Aladeniya,Kandy,Kandy,Central Province,
A0010,16140,35070,Mawathagama,Kurunegala,Kurunegala,North Western Province,
A0010,35070,47070,Kurunegala,Kurunegala,Kurunegala,North Western Province,
A0010,47070,93840,Dunupathanga,Maho,Kurunegala,North Western Province,3.0
A0010,93840,105140,Anamaduwa,Puttalam,Chilaw,North Western Province,
A0010,105140,120090,Galkulama,Puttalam,Chilaw,North Western Province,
A0010,120090,124365,Puttalam,Puttalam,Chilaw,North Western Province,
A0011,0,5000,Maradankadawala,Maradankadawala,Anuradhapura,North Central Province,2.0
A0011,5000,13010,Heenukkiriyawa,Maradankadawala,Anuradhapura,North Central Province,
A0011,13010,44070,Ambagaswewa,Habarana,Polonnaruwa,North Central Province,
A0011,44070,64095,Minneriya,Habarana,Polonnaruwa,North Central Province,
A0011,64095,80420,Kaduruwela,Polonnaruwa,Polonnaruwa,North Central Province,1.0
A0011,80420,108820,Manampitiya,Polonnaruwa,Polonnaruwa,North Central Province,
A0011,108820,128420,Kalawanchikudi,Batticaloa,Batticaloa,Eastern Province,
A0012,0,3195,Puttalam,Puttalam,Chilaw,North Western Province,
A0012,3195,37270,Karuwalagaswewa,Puttalam,Chilaw,North Western Province,
A0012,37270,63645,Sinharagama,Anuradhapura,Anuradhapura,North Central Province,
A0012,63645,77655,Thisa Wewa,Anuradhapura,Anuradhapura,North Central Province,1.0
A0012,77655,81905,Mankadawala,Anuradhapura,Anuradhapura,North Central Province,
A0012,81905,108245,Seeppukulama,Anuradhapura,Anuradhapura,North Central Province,
A0012,108245,119625,Kahatagasdigiliya,Medawachchiya,Anuradhapura,North Central Province,
A0012,119625,142815,Horawpathana,Medawachchiya,Anuradhapura,North Central Province,
A0012,142815,164650,Nochchikulam,Trincomalee,Trincomalee,Eastern Province,
A0012,164650,179400,Kanniya,Trincomalee,Trincomalee,Eastern Province,
A0013,0,5900,Mankadawala,Anuradhapura,Anuradhapura,North Central Province,
A0013,5900,16520,Thisa Wewa,Anuradhapura,Anuradhapura,North Central Province,
A0014,0,14500,Medawacchiya,Medawachchiya,Anuradhapura,North Central Province,2.0
A0014,14500,43890,Cheddikulam,Vavuniya,Vavuniya,Northern Province,
A0014,43890,54035,Madhu,Mannar,Vavuniya,Northern Province,1.0
A0014,54035,79960,Murunkan,Mannar,Vavuniya,Northern Province,5.0
A0014,79960,87675,Mannar town,Mannar,Vavuniya,Northern Province,3.0
A0014,87675,114825,Thalai mannar,Mannar,Vavuniya,Northern Province,2.0
A0015,0,15940,Pilleyardi,Batticaloa,Batticaloa,Eastern Province,
A0015,15940,78210,Walachchena,Batticaloa,Batticaloa,Eastern Province,
A0015,78210,94500,Mavatichenai,Trincomalee,Trincomalee,Eastern Province,
A0015,94500,113990,Muthur,Trincomalee,Trincomalee,Eastern Province,
A0015,113990,131460,Chinabay,Trincomalee,Trincomalee,Eastern Province,
A0016,0,25400,Ella,Bandarawela,Badulla,UVA Province,
A0016,25400,38200,Hali-Ela,Badulla,Badulla,UVA Province,
A0017,0,17870,Nugaduwa,Galle,Galle,Southern Province,
A0017,17870,23995,Weligama,Matara,Matara,Southern Province,
A0017,23995,58700,Indikatudeniya,Deniyaya,Matara,Southern Province,29.0
A0017,58700,86490,Porupitiya,Deniyaya,Matara,Southern Province,2.0
A0017,86490,112135,Ulhiduwawa sub,Embilipitiya,Ratnapura,Sabaragamuwa Province,
A0017,112135,132850,Rakwana,Embilipitiya,Ratnapura,Sabaragamuwa Province,
A0017,132850,142480,Madampe,Pelmadulla,Ratnapura,Sabaragamuwa Province,
A0018,0,19950,Madampe,Pelmadulla,Ratnapura,Sabaragamuwa Province,
A0018,19950,49910,Balawinna,Embilipitiya,Ratnapura,Sabaragamuwa Province,22.0
A0018,49910,68060,Embilipitiya,Embilipitiya,Ratnapura,Sabaragamuwa Province,20.0
A0018,68060,84670,Tangalle,Tangalle,Hambantota,Southern Province,
A0019,0,2925,Bulugolla,Kurunegala,Kurunegala,North Western Province,
A0019,2925,11770,Dewalegama,Kegalle,Kegalle,Sabaragamuwa Province,
A0020,0,14470,Mankadawala,Anuradhapura,Anuradhapura,North Central Province,
A0021,0,580,Dewalegama,Kegalle,Kegalle,Sabaragamuwa Province,
A0021,580,15855,Hettimulla,Kegalle,Kegalle,Sabaragamuwa Province,
A0021,15855,35720,Weekada,Ruwanwella,Kegalle,Sabaragamuwa Province,
A0021,35720,41480,Morawatta,Ruwanwella,Kegalle,Sabaragamuwa Province,
A0022,0,7100,Debadda,Badulla,Badulla,UVA Province,
A0022,7100,26165,Bibile ,Bibile,Monaragala,UVA Province,
A0022,26165,32845,Pelwatta,Monaragala,Monaragala,UVA Province,1.0
A0023,0,14080,Pelwatta,Monaragala,Monaragala,UVA Province,
A0023,14080,30190,Ella,Bandarawela,Badulla,UVA Province,
A0024,0,15910,Weligama,Matara,Matara,Southern Province,
A0024,15910,20020,Indikatudeniya,Deniyaya,Matara,Southern Province,24.0
A0025,0,24070,Siyambalanduwa,Bibile,Monaragala,UVA Province,
A0025,24070,57280,Ampara,Ampara,Ampara,Add.P Akkaraipattu,1.0
A0026,0,4060,Tennekumbura,Kandy,Kandy,Central Province,1.0
A0026,4060,14015,Malpana,Kundasale,Kandy,Central Province,1.0
A0026,14015,54820,Udadumbara,Kundasale,Kandy,Central Province,1.0
A0026,54820,71180,Gurulupotha,Kundasale,Kandy,Central Province,
A0026,71180,97780,Mahiyanganaya,Mahiyanganaya,Badulla,UVA Province,
A0026,97780,101360,Padiyatalawa ,Dehiatthakandiya,Ampara,Add.P Akkaraipattu,
A0027,0,33025,Ampara,Ampara,Ampara,Add.P Akkaraipattu,
A0027,33025,57595,Padiyatalawa ,Dehiatthakandiya,Ampara,Add.P Akkaraipattu,
A0028,0,9000,Dunupathanga,Maho,Kurunegala,North Western Province,
A0028,9000,23990,Balalla,Maho,Kurunegala,North Western Province,2.0
A0028,23990,54135,Ambanpola,Maho,Kurunegala,North Western Province,1.0
A0028,54135,73960,Thalawa,Anuradhapura,Anuradhapura,North Central Province,
A0028,73960,80490,Thisa Wewa ,Anuradhapura,Anuradhapura,North Central Province,
A0029,0,9645,Vavuniya,Vavuniya,Vavuniya,Northern Province,
A0029,9645,34990,Kebithigollewa,Medawachchiya,Anuradhapura,North Central Province,
A0029,34990,46130,Horawpathana,Medawachchiya,Anuradhapura,North Central Province,
A0030,0,9890,Vavuniya,Vavuniya,Vavuniya,Northern Province,
A0030,9890,35630,Cheddikulam,Vavuniya,Vavuniya,Northern Province,
A0031,0,18070,Samanthurai,Kalmunai,Akkaraipattu,Add.P Akkaraipattu,
A0031,18070,22280,Ampara,Ampara,Ampara,Add.P Akkaraipattu,
A0032,0,17350,Kaithadi,Point Pedro,Jaffna,Northern Province,18.0
A0032,17350,61800,Nallur,Kilinochchi,Mullaitivu,Northern Province,
A0032,61800,80070,Vellankulam,Mannar,Vavuniya,Northern Province,
A0032,80070,104640,Mannar town,Mannar,Vavuniya,Northern Province,
A0033,0,6000,Ja-ela,Negambo,Gampaha,Western Province,
A0033,6000,18070,Gampaha,Gampaha,Gampaha,Western Province,
A0034,0,15975,Mankulam,Mullaitivu,Mullaitivu,Northern Province,
A0034,15975,37990,Oddusuddan,Mullaitivu,Mullaitivu,Northern Province,
A0034,37990,49030,Mulativu,Mullaitivu,Mullaitivu,Northern Province,
A0035,0,21790,Paranthan,Kilinochchi,Mullaitivu,Northern Province,
A0035,21790,52385,Mulativu,Mullaitivu,Mullaitivu,Northern Province,
B0001,0,18910,Akkaraipattu,Akkaraipattu,Akkaraipattu,Add.P Akkaraipattu,
B0002,0,18430,Thirukkovil,Akkaraipattu,Akkaraipattu,Add.P Akkaraipattu,
B0003,0,8249,Welewatta,Matara,Matara,Southern Province,
B0003,8249,13140,Indikatudeniya,Deniyaya,Matara,Southern Province,
B0004,0,7230,Indikatudeniya,Deniyaya,Matara,Southern Province,24.0
B0005,0,9560,Aladeniya,Kandy,Kandy,Central Province,
B0006,0,8650,Kadugannawa,Kadugannawa,Kandy,Central Province,
B0007,0,14320,Palipana,Kandy,Kandy,Central Province,
B0008,0,14650,Metiyagane,Kuliyapitiya,Kurunegala,North Western Province,26.0
B0009,0,14700,Metiyagane,Kuliyapitiya,Kurunegala,North Western Province,26.0
B0010,0,2210,Kanthale,Trincomalee,Trincomalee,Eastern Province,
B0010,2210,41360,Allai Kantale,Trincomalee,Trincomalee,Eastern Province,
B0011,0,1950,Ratmalana,Colombo,Colombo,Western Province,
B0012,0,4965,Gampaha,Gampaha,Gampaha,Western Province,
B0012,4965,7955,Minuwangoda,Gampaha,Gampaha,Western Province,
B0013,0,8240,Mandan,Point Pedro,Jaffna,Northern Province,13.0
B0014,0,15470,Karandeniya,Galle,Galle,Southern Province,27.0
B0014,15470,29600,Thalgaswala,Hiniduma,Galle,Southern Province,45.0
B0015,0,19080,Palipana,Kandy,Kandy,Central Province,
B0016,0,5540,Ampara,Ampara,Ampara,Add.P Akkaraipattu,
B0017,0,30570,Ampara,Ampara,Ampara,Add.P Akkaraipattu,
B0018,0,14865,Kalawanchikudi,Batticaloa,Batticaloa,Eastern Province,
B0018,14865,26910,Samanthurai,Kalmunai,Akkaraipattu,Add.P Akkaraipattu,
B0019,0,24180,Anamaduwa,Puttalam,Chilaw,North Western Province,
B0019,24180,39040,Ambanpola,Maho,Kurunegala,North Western Province,
B0020,0,240,,Gampaha,Gampaha,Western Province,
B0021,0,6450,Weerawila,Hambantota,Hambantota,Southern Province,
B0022,0,110,,Colombo,Colombo,Western Province,
B0023,0,28320,Chinabay,Trincomalee,Trincomalee,Eastern Province,
B0024,0,1590,Ratmalana,Colombo,Colombo,Western Province,
B0025,0,11390,Norton Bridge,Norwood,Nuwara Eliya,Central Province,1.0
B0026,0,970,Norton Bridge,Norwood,Nuwara Eliya,Central Province,1.0
B0027,0,282,Karandeniya,Galle,Galle,Southern Province,
B0027,0,160,Karandeniya,Galle,Galle,Southern Province,
B0027,0,600,Mankadawala,Anuradhapura,Anuradhapura,North Central Province,
B0027,0,112,Gatambe,Kandy,Kandy,Central Province,
B0027,0,1000,Ulapane,Kadugannawa,Kandy,Central Province,
B0027,0,350,Malpana,Kundasale,Kandy,Central Province,
B0027,0,110,Summerset,Nuwara Eliya,Nuwara Eliya,Central Province,
B0027,0,160,Summerset,Nuwara Eliya,Nuwara Eliya,Central Province,
B0027,0,150,Summerset,Nuwara Eliya,Nuwara Eliya,Central Province,
B0027,0,3300,Kotagala,Norwood,Nuwara Eliya,Central Province,
B0027,0,1850,Kotagala,Norwood,Nuwara Eliya,Central Province,
B0027,0,520,Kotagala,Norwood,Nuwara Eliya,Central Province,
B0027,0,360,Hali-Ela,Badulla,Badulla,UVA Province,
B0027,0,490,Hali-Ela,Badulla,Badulla,UVA Province,
B0027,0,400,Ja-ela,Negambo,Gampaha,Western Province,
B0027,0,240,Negambo unit ,Negambo,Gampaha,Western Province,
B0027,0,,Pilleyardi,Batticaloa,Batticaloa,Eastern Province,
B0027,0,1020,Town depot (Trincomalee),Trincomalee,Trincomalee,Eastern Province,
B0027,0,300,Ella,Bandarawela,Badulla,UVA Province,
B0027,0,200,Ella,Bandarawela,Badulla,UVA Province,
B0027,0,600,Pattiwila,Gampaha,Gampaha,Western Province,
B027(a),,,Malwala,Ratnapura,Ratnapura,Sabaragamuwa Province,
B027(b),,,Malwala,Ratnapura,Ratnapura,Sabaragamuwa Province,
B0028,0,7730,Sinharagama,Anuradhapura,Anuradhapura,North Central Province,
B0029,0,19310,Gatambe,Kandy,Kandy,Central Province,
B0030,0,900,Thisa Wewa,Anuradhapura,Anuradhapura,North Central Province,
B0030,0,400,Malpana,Kundasale,Kandy,Central Province,
B0030,0,310,Mankulam,Mullaitivu,Mullaitivu,Northern Province,
B0030,0,2200,Mannar town,Mannar,Vavuniya,Northern Province,
B0030,0,400,Kaithadi,Point Pedro,Jaffna,Northern Province,
B0030,0,50,Kaithadi,Point Pedro,Jaffna,Northern Province,
B0030,0,300,Mahiyanganaya,Mahiyanganaya,Badulla,UVA Province,
B0030,0,250,Chavalakadi,Kalmunai,Akkaraipattu,Add.P Akkaraipattu,
B0030,0,1650,Pattiwila,Gampaha,Gampaha,Western Province,
B0030,0,220,Pattiwila,Gampaha,Gampaha,Western Province,
B0030,0,200,Madampe,Pelmadulla,Ratnapura,Sabaragamuwa Province,
B0030,0,180,Ella,Bandarawela,Badulla,UVA Province,
B0030,0,190,Ella,Bandarawela,Badulla,UVA Province,
B0030,0,20,Ella,Bandarawela,Badulla,UVA Province,
B0030,0,80,Ella,Bandarawela,Badulla,UVA Province,
B0030,0,220,Kaluaggala,Avissawella,Colombo,Western Province,
B0030,0,950,Pilleyardi,Batticaloa,Batticaloa,Eastern Province,
B0031,0,5170,Samanthurai,Kalmunai,Akkaraipattu,Add.P Akkaraipattu,
B0032,0,1970,Ratmalana,Colombo,Colombo,Western Province,
B0033,0,5880,Jaffna,Jaffna,Jaffna,Northern Province,
B0034,0,16210,Kalawana,Ratnapura,Ratnapura,Sabaragamuwa Province,
B0035,0,56030,Pelwatta,Monaragala,Monaragala,UVA Province,
B0036,0,19965,Hali-Ela,Badulla,Badulla,UVA Province,
B0036,19965,47380,Mahiyanganaya,Mahiyanganaya,Badulla,UVA Province,
B0037,0,520,Nugaduwa,Galle,Galle,Southern Province,
B0038,0,2915,Horaketiya,Pelmadulla,Ratnapura,Sabaragamuwa Province,
B0038,2915,28380,Molamure,Pelmadulla,Ratnapura,Sabaragamuwa Province,
B0039,0,14130,Horaketiya,Pelmadulla,Ratnapura,Sabaragamuwa Province,
B0040,0,3410,Karandeniya,Galle,Galle,Southern Province,45.0
B0041,0,1090,Nugaduwa,Galle,Galle,Southern Province,
B0042,0,21358,Ella,Bandarawela,Badulla,UVA Province,
B0043,0,4900,Mirahawatta,Bandarawela,Badulla,UVA Province,
B0043,4900,16050,Hali-Ela,Badulla,Badulla,UVA Province,
B0044,0,20160,Mirahawatta,Bandarawela,Badulla,UVA Province,
B0045,0,24050,Chilaw,Chilaw,Chilaw,North Western Province,26.0
B0045,24050,30070,Andigama,Puttalam,Chilaw,North Western Province,
B0045,30070,38270,Anamaduwa,Puttalam,Chilaw,North Western Province,
B0046,0,4774,Pilleyardi,Batticaloa,Batticaloa,Eastern Province,
B0047,0,3680,Nawala ,Colombo,Colombo,Western Province,
B0047,3680,7420,Navinna,Colombo,Colombo,Western Province,
B0048,0,8610,Minneriya,Habarana,Polonnaruwa,North Central Province,
B0049,0,1400,Karandeniya,Galle,Galle,Southern Province,
B0050,0,120,Gampaha,Gampaha,Gampaha,Western Province,
B0051,0,550,Kurunegala,Kurunegala,Kurunegala,North Western Province,
B0052,0,2030,Vavuniya,Vavuniya,Vavuniya,Northern Province,
B0053,0,852,Mulativu,Mullaitivu,Mullaitivu,Northern Province,
B0054,0,15650,Tangalle,Tangalle,Hambantota,Southern Province,
B0055,0,26600,Karandeniya,Galle,Galle,Southern Province,
B0056,0,33030,Bibile ,Bibile,Monaragala,UVA Province,
B0057,0,11295,Bibile ,Bibile,Monaragala,UVA Province,
B0057,11291,39400,Mahiyanganaya,Mahiyanganaya,Badulla,UVA Province,
B0058,0,8045,Kadawatha,Gampaha,Gampaha,Western Province,
B0059,0,1860,Kokkawila,Chilaw,Chilaw,North Western Province,3.0
B0060,0,12100,Padaviya,Medawachchiya,Anuradhapura,North Central Province,1.0
B0060,12100,27664,Pulmuddai,Trincomalee,Trincomalee,Eastern Province,
B0061,0,1600,Nugaduwa,Galle,Galle,Southern Province,21.0
B0062,0,1220,Nawala ,Colombo,Colombo,Western Province,
B0063,0,5620,Mirigama,Nittambuwa,Gampaha,Western Province,
B0064,0,2410,Nalanda,Nalanda,Matale,Central Province,
B0065,0,6190,Koswattha,Kuliyapitiya,Kurunegala,North Western Province,
B0066,0,1990,Kadugannawa,Kadugannawa,Kandy,Central Province,
B0067,0,12080,Weekada,Ruwanwella,Kegalle,Sabaragamuwa Province,
B0068,0,9020,Kalawellawa,Horana,Kalutara,Western Province,
B0069,0,1325,Tennekumbura,Kandy,Kandy,Central Province,
B0070,0,1640,Gatambe,Kandy,Kandy,Central Province,
B0071,0,17335,Norton Bridge,Norwood,Nuwara Eliya,Central Province,1.0
B0071,17335,23330,Norwood,Norwood,Nuwara Eliya,Central Province,
B0072,0,70,Gampaha,Gampaha,Gampaha,Western Province,
B0073,0,12350,Ampara,Ampara,Ampara,Add.P Akkaraipattu,
B0074,0,5760,Kaithadi,Point Pedro,Jaffna,Northern Province,
B0075,0,9940,Kaithadi,Point Pedro,Jaffna,Northern Province,
B0075,9940,18885,Mandan,Point Pedro,Jaffna,Northern Province,
B0076,0,3430,Kaithadi,Point Pedro,Jaffna,Northern Province,
B0077,0,7835,Chavalakadi,Kalmunai,Akkaraipattu,Add.P Akkaraipattu,
B0078,0,1210,Negambo unit,Negambo,Gampaha,Western Province,
B0079,0,13120,Kokkawila,Chilaw,Chilaw,North Western Province,13.0
B0079,13120,44760,Koswattha,Kuliyapitiya,Kurunegala,North Western Province,
B0079,44760,51200,Dunupathanga,Maho,Kurunegala,North Western Province,
B0080,0,2531,Jaffna,Jaffna,Jaffna,Northern Province,
B0081,0,276,Jaffna,Jaffna,Jaffna,Northern Province,
B0082,0,6450,Kurunegala,Kurunegala,Kurunegala,North Western Province,
B0083,0,1114,Tangalle,Tangalle,Hambantota,Southern Province,
B0084,0,1065,CMC,Colombo,Colombo,Western Province,
B0084,1065,3455,Nawala ,Colombo,Colombo,Western Province,
B0084,3455,21645,Kesbewa,Avissawella,Colombo,Western Province,
B0084,21645,28198,Madurawala,Horana,Kalutara,Western Province,
B0085,0,380,Medawacchiya,Medawachchiya,Anuradhapura,North Central Province,
B0086,0,13110,Mahiyanganaya,Mahiyanganaya,Badulla,UVA Province,
B0087,0,8520,Bulugolla,Kurunegala,Kurunegala,North Western Province,
B0088,0,13085,Paragammana,Kuliyapitiya,Kurunegala,North Western Province,
B0089,0,22361,Balalla,Maho,Kurunegala,North Western Province,1.0
B0090,0,8050,Mirigama,Nittambuwa,Gampaha,Western Province,
B0091,0,6850,Meewathura,Kadugannawa,Kandy,Central Province,
B0092,0,5740,Samanthurai,Kalmunai,Akkaraipattu,Add.P Akkaraipattu,
B0093,0,27790,Dehiowita,Ruwanwella,Kegalle,Sabaragamuwa Province,
B0094,0,2870,Ratmalana,Colombo,Colombo,Western Province,
B0094,2870,7530,Navinna,Colombo,Colombo,Western Province,
B0095,0,1940,Pattiwila,Gampaha,Gampaha,Western Province,
B0095,1940,11990,Pugoda,Nittambuwa,Gampaha,Western Province,
B0096,0,590,CMC,Colombo,Colombo,Western Province,
B0096,590,2370,Orugodawatta,Colombo,Colombo,Western Province,
B0097,0,21280,Hali-Ela,Badulla,Badulla,UVA Province,
B0098,0,12007,Beragama,Deniyaya,Matara,Southern Province,29.0
B0099,0,7950,Porupitiya,Deniyaya,Matara,Southern Province,2.0
B0100,0,23450,Hali-Ela,Badulla,Badulla,UVA Province,
B0101,0,3970,Welewatta,Matara,Matara,Southern Province,
B0101,3970,12800,Tangalle,Tangalle,Hambantota,Southern Province,
B0102,0,2135,Ella,Bandarawela,Badulla,UVA Province,
B0103,0,2440,Ella,Bandarawela,Badulla,UVA Province,
B0104,0,3745,Ella,Bandarawela,Badulla,UVA Province,
B0105,0,5145,Ella,Bandarawela,Badulla,UVA Province,
B0106,0,3900,Baddegama,Galle,Galle,Southern Province,11.0
B0107,0,1080,Welewatta,Matara,Matara,Southern Province,
B0108,0,2950,Madampalla ,Negambo,Gampaha,Western Province,
B0108,2950,5750,Minuwangoda,Gampaha,Gampaha,Western Province,
B0109,0,3490,Nugaduwa,Galle,Galle,Southern Province,
B0110,0,3110,Parakaduwa,Ratnapura,Ratnapura,Sabaragamuwa Province,
B0110,3110,16460,Dehiowita,Ruwanwella,Kegalle,Sabaragamuwa Province,
B0111,0,2985,Ja-ela,Negambo,Gampaha,Western Province,
B0111,2985,15145,Minuwangoda,Gampaha,Gampaha,Western Province,
B0111,15145,27270,Madampalla ,Negambo,Gampaha,Western Province,
B0112,0,30025,Elahera,Habarana,Polonnaruwa,North Central Province,
B0112,30025,39925,Minneriya,Habarana,Polonnaruwa,North Central Province,
B0113,0,4870,Ella,Bandarawela,Badulla,UVA Province,
B0113,4870,26630,Debadda,Badulla,Badulla,UVA Province,
B0114,0,9290,Thalgaswala,Hiniduma,Galle,Southern Province,35.0
B0114,9290,27045,Horawala,Agalawatta,Kalutara,Western Province,
B0115,0,37750,Embilipitiya,Embilipitiya,Ratnapura,Sabaragamuwa Province,27.0
B0116,0,11130,Meewathura,Kadugannawa,Kandy,Central Province,
B0117,0,11375,Thalawa,Anuradhapura,Anuradhapura,North Central Province,
B0118,0,1012,Kadugannawa,Kadugannawa,Kandy,Central Province,
B0119,0,795,Mannar town,Mannar,Vavuniya,Northern Province,
B0120,0,5680,Nawala ,Colombo,Colombo,Western Province,
B0121,0,5180,Kadugannawa,Kadugannawa,Kandy,Central Province,
B0122,0,18505,Aladeniya,Kandy,Kandy,Central Province,
B0123,0,4785,Galagedara,Avissawella,Colombo,Western Province,
B0123,4785,14015,Ingiriya,Horana,Kalutara,Western Province,
B0123,14015,18615,Madurawala,Horana,Kalutara,Western Province,
B0124,0,6110,Molamure,Pelmadulla,Ratnapura,Sabaragamuwa Province,
B0125,0,27552,Gampola,Kadugannawa,Kandy,Central Province,
B0126,0,19990,Ambanpola,Maho,Kurunegala,North Western Province,
B0126,19990,24790,Koonwewa,Maho,Kurunegala,North Western Province,1.0
B0127,0,16320,Abanpitiya,Kegalle,Kegalle,Sabaragamuwa Province,
B0127,16319,21570,Weekada,Ruwanwella,Kegalle,Sabaragamuwa Province,
B0128,0,7070,Nugaduwa,Galle,Galle,Southern Province,
B0128,7070,18290,Baddegama,Galle,Galle,Southern Province,9.0
B0129,0,16000,Nugaduwa,Galle,Galle,Southern Province,19.0
B0129,16000,35030,Kottawa,Hiniduma,Galle,Southern Province,
B0130,0,7830,Nugaduwa,Galle,Galle,Southern Province,
B0131,0,7010,Ampara,Ampara,Galle,Add.P Akkaraipattu,
B0132,0,15180,Gampola,Kadugannawa,Kandy,Central Province,
B0133,0,27660,Heenukkiriyawa,Maradankadawala,Anuradhapura,North Central Province,
B0133,27660,46070,Kahatagasdigiliya,Medawachchiya,Anuradhapura,North Central Province,
B0134,0,2630,Navinna,Colombo,Colombo,Western Province,
B0135,0,4175,Meewathura,Kadugannawa,Kandy,Central Province,
B0136,0,14970,Hettimulla,Kegalle,Kegalle,Sabaragamuwa Province,
B0137,0,4530,Haldaduwana,Chilaw,Chilaw,North Western Province,
B0138,0,4320,Nugaduwa,Galle,Galle,Southern Province,
B0139,0,4440,Thalgaswala,Hiniduma,Galle,Southern Province,
B0140,0,1560,Town depot (Trincomalee),Trincomalee,Trincomalee,Eastern Province,
B0140,0,500,Town depot (Trincomalee),Trincomalee,Trincomalee,Eastern Province,
B0140,0,560,Town depot (Trincomalee),Trincomalee,Trincomalee,Eastern Province,
B0140,0,4960,Town depot (Trincomalee),Trincomalee,Trincomalee,Eastern Province,
B0140,0,1350,Town depot (Trincomalee),Trincomalee,Trincomalee,Eastern Province,
B0140,0,80,Town depot (Trincomalee),Trincomalee,Trincomalee,Eastern Province,
B0140,0,2450,Town depot (Trincomalee),Trincomalee,Trincomalee,Eastern Province,
B0141,0,5640,Welewatta,Matara,Matara,Southern Province,
B0141,5640,18765,Tangalle,Tangalle,Hambantota,Southern Province,
B0142,0,7255,Welewatta,Matara,Matara,Southern Province,
B0142,7255,11110,Tangalle,Tangalle,Hambantota,Southern Province,
B0143,0,15820,Baddegama,Galle,Galle,Southern Province,9.0
B0144,0,1010,Kalawellawa,Horana,Kalutara,Western Province,
B0145,0,850,Kaluaggala,Avissawella,Colombo,Western Province,
B0146,0,230,Kaluaggala,Avissawella,Colombo,Western Province,
B0146,230,24385,Pugoda,Nittambuwa,Gampaha,Western Province,
B0147,0,9040,Ella,Bandarawela,Badulla,UVA Province,
B0148,0,10660,Harangala,Norwood,Nuwara Eliya,Central Province,
B0148,10660,16700,Ramboda,Nuwara Eliya,Nuwara Eliya,Central Province,
B0149,0,12021,Norwood,Norwood,Nuwara Eliya,Central Province,1.0
B0149,12021,31760,Maskeliya,Norwood,Nuwara Eliya,Central Province,1.0
B0150,0,7570,Palipana,Kandy,Kandy,Central Province,
B0151,0,3755,Wattala,Negambo,Gampaha,Western Province,
B0152,0,7435,Wattala,Negambo,Gampaha,Western Province,
B0153,0,15115,Baddegama,Galle,Galle,Southern Province,8.0
B0154,0,13040,Kadugannawa,Kadugannawa,Kandy,Central Province,
B0155,0,5370,Minneriya,Habarana,Polonnaruwa,North Central Province,
B0156,0,24970,Malgalla,Hiniduma,Galle,Southern Province,
B0156,24970,30450,Indikatudeniya,Deniyaya,Matara,Southern Province,24.0
B0157,0,20995,Madurawala,Horana,Kalutara,Western Province,
B0157,20995,27000,Kalutara,Kalutara,Kalutara,Western Province,
B0157,27000,32000,Bellana,Agalawatta,Kalutara,Western Province,
B0157,32000,48670,Horawala,Agalawatta,Kalutara,Western Province,
B0157,48670,53780,Naboda,Kalutara,Kalutara,Western Province,
B0158,0,20790,Horawala,Agalawatta,Kalutara,Western Province,
B0158,20790,25650,Thalgaswala,Hiniduma,Galle,Southern Province,48.0
B0159,0,15980,Kiribamuna,Kurunegala,Kurunegala,North Western Province,
B0159,15980,34715,Koonwewa,Maho,Kurunegala,North Western Province,
B0160,0,13600,Epitawala,Ratnapura,Ratnapura,Sabaragamuwa Province,
B0161,0,4455,Kadawatha,Gampaha,Gampaha,Western Province,
B0162,0,8865,Inamaluwa,Nalanda,Matale,Central Province,
B0163,0,2980,Ingiiriya,Horana,Kalutara,Western Province,
B0164,0,1500,Mankadawala,Anuradhapura,Anuradhapura,North Central Province,
B0165,0,3460,Jaffna,Jaffna,Jaffna,Northern Province,
B0166,0,18900,Nakkawatta,Kuliyapitiya,Kurunegala,North Western Province,
B0167,0,14000,Dunupathanga,Maho,Kurunegala,North Western Province,1.0
B0168,0,3000,Kadawatha,Gampaha,Gampaha,Western Province,
B0168,3000,7940,Ja-ela,Negambo,Gampaha,Western Province,
B0169,0,3500,Kadawatha,Gampaha,Gampaha,Western Province,
B0170,0,11315,Changani,Jaffna,Jaffna,Northern Province,
B0171,see comment,3720,Changani,Jaffna,Jaffna,Northern Province,
B0172,0,11375,Kadugannawa,Kadugannawa,Kandy,Central Province,1.0
B0172,11375,16945,Gampola,Kadugannawa,Kandy,Central Province,
B0173,0,8025,Kadugannawa,Kadugannawa,Kandy,Central Province,
B0174,0,9490,Kaduwela,Colombo,Colombo,Western Province,
B0175,,,Karandeniya,Galle,Galle,Southern Province,
B0176,0,8360,Baddegama,Galle,Galle,Southern Province,9.0
B0177,0,12210,Kiralabokka,Kurunegala,Kurunegala,North Western Province,
B0178,0,6820,Kokkawila,Chilaw,Chilaw,North Western Province,11.0
B0179,0,4020,Nittambuwa,Nittambuwa,Gampaha,Western Province,
B0180,0,13200,Alupothuwila,Matale,Matale,Central Province,
B0181,0,15010,Kalawana,Ratnapura,Ratnapura,Sabaragamuwa Province,
B0181,15010,45880,Pothupitiya sub,Embilipitiya,Ratnapura,Sabaragamuwa Province,
B0182,0,4535,Vijithapura,Maradankadawala,Anuradhapura,North Central Province,
B0183,0,10200,Mirigama,Nittambuwa,Gampaha,Western Province,
B0184,0,5640,Walachchenei,Batticaloa,Batticaloa,Eastern Province,
B0185,0,,Walachchenei,Batticaloa,Batticaloa,Eastern Province,
B0186,0,1060,Chavalakadi,Kalmunai,Akkaraipattu,Add.P Akkaraipattu,
B0187,0,4400,Chavalakadi,Kalmunai,Akkaraipattu,Add.P Akkaraipattu,
B0188,0,13615,Kaluaggala,Avissawella,Colombo,Western Province,
B0189,0,11430,Norton Bridge,Norwood,Nuwara Eliya,Central Province,1.0
B0190,0,8855,Kiralabokka,Kurunegala,Kurunegala,North Western Province,
B0190,8855,21190,Dunupathanga,Maho,Kurunegala,North Western Province,
B0191,0,5655,Kalutara,Kalutara,Kalutara,Western Province,
B0192,0,3485,Velanai,Jaffna,Jaffna,Northern Province,
B0193,0,2430,Velanai,Jaffna,Jaffna,Northern Province,
B0194,0,1150,Matale,Matale,Matale,Central Province,
B0195,see map,14960,Tennekumbura,Kandy,Kandy,Central Province,
B0196,0,3040,Kanthale,Trincomalee,Trincomalee,Eastern Province,
B0197,0,7080,Changani,Jaffna,Jaffna,Northern Province,
B0198,0,1580,Jaffna,Jaffna,Jaffna,Northern Province,
B0199,0,8875,Rambukkana,Kegalle,Kegalle,Sabaragamuwa Province,
B0200,0,410,Medawacchiya,Medawachchiya,Anuradhapura,North Central Province,
B0201,0,14005,Karuwalagaswewa,Puttalam,Chilaw,North Western Province,
B0201,14005,19300,Anamaduwa,Puttalam,Chilaw,North Western Province,
B0202,0,5153,Weerawila,Hambantota,Hambantota,Southern Province,
B0203,0,1720,Jaffna,Jaffna,Jaffna,Northern Province,
B0204,0,1800,Ratmalana,Colombo,Colombo,Western Province,
B0205,0,7110,Malpana,Kundasale,Kandy,Central Province,1.0
B0205,7110,33820,Panwila,Kundasale,Kandy,Central Province,1.0
B0206,0,9335,Palipana,Kandy,Kandy,Central Province,
B0207,0,16650,Naboda,Kalutara,Kalutara,Western Province,
B0208,0,7000,Negambo unit,Negambo,Gampaha,Western Province,
B0208,7000,18910,Minuwangoda,Gampaha,Gampaha,Western Province,
B0208,18910,22240,Nittambuwa,Nittambuwa,Gampaha,Western Province,
B0209,0,1920,Medawacchiya,Medawachchiya,Anuradhapura,North Central Province,
B0210,0,1010,Kebithigollewa,Medawachchiya,Anuradhapura,North Central Province,
B0211,0,15000,Kebithigollewa,Medawachchiya,Anuradhapura,North Central Province,
B0211,15000,33670,Padaviya,Medawachchiya,Anuradhapura,North Central Province,1.0
B0212,0,6950,Heenukkiriyawa,Maradankadawala,Anuradhapura,North Central Province,
B0213,0,17320,Maradankadawala,Maradankadawala,Anuradhapura,North Central Province,
B0213,17320,37580,Thalawa,Anuradhapura,Anuradhapura,North Central Province,
B0214,0,18460,Pattiwila,Gampaha,Gampaha,Western Province,
B0214,18460,28520,Gampaha,Gampaha,Gampaha,Western Province,
B0215,0,3300,Pattiwila,Gampaha,Gampaha,Western Province,
B0216,0,4520,Kesbewa,Avissawella,Colombo,Western Province,
B0216,4520,12070,Bandaragama,Kalutara,Kalutara,Western Province,
B0217,0,1649,Thalgaswala,Hiniduma,Galle,Southern Province,47.0
B0218,0,6735,Inamaluwa,Nalanda,Matale,Central Province,
B0219,0,470,Gampaha,Gampaha,Gampaha,Western Province,
B0220,0,2605,Kadawatha,Gampaha,Gampaha,Western Province,
B0221,0,3710,Kadawatha,Gampaha,Gampaha,Western Province,
B0221,3710,4755,Pattiwila,Gampaha,Gampaha,Western Province,
B0222,0,7018,Epitawala,Ratnapura,Ratnapura,Sabaragamuwa Province,
B0222,7018,14510,Parakaduwa,Ratnapura,Ratnapura,Sabaragamuwa Province,
B0223,0,5670,Molamure,Pelmadulla,Ratnapura,Sabaragamuwa Province,
B0224,0,15250,Kalutara,Kalutara,Kalutara,Western Province,
B0224,15250,17030,Madurawala,Horana,Kalutara,Western Province,
B0225,0,12520,Minuwangoda,Gampaha,Gampaha,Western Province,
B0226,0,2965,Gampaha,Gampaha,Gampaha,Western Province,
B0227,0,13860,Andigama,Puttalam,Chilaw,North Western Province,
B0228,0,9200,Madampalla ,Negambo,Gampaha,Western Province,
B0229,0,2400,Ratmalana,Colombo,Colombo,Western Province,
B0230,0,1220,Jaffna,Jaffna,Jaffna,Northern Province,
B0230,1220,8600,Changani,Jaffna,Jaffna,Northern Province,
B0231,0,3070,Orugodawatta,Colombo,Colombo,Western Province,
B0232,0,2180,Orugodawatta,Colombo,Colombo,Western Province,
B0233,0,540,Nugaduwa,Galle,Galle,Southern Province,10.0
B0234,0,4310,Thisa Wewa,Anuradhapura,Anuradhapura,North Central Province,
B0235,0,6235,Ratmalana,Colombo,Colombo,Western Province,
B0236,0,11600,Ella,Bandarawela,Badulla,UVA Province,
B0237,0,6910,Madampalla ,Negambo,Gampaha,Western Province,
B0237,6910,8140,Mirigama,Nittambuwa,Gampaha,Western Province,
B0238,0,12970,Kottawa,Hiniduma,Galle,Southern Province,
B0239,0,11600,Homagama,Avissawella,Colombo,Western Province,
B0239,11600,15250,Ingiriya,Horana,Kalutara,Western Province,
B0240,0,2550,Nawala,Colombo,Colombo,Western Province,
B0240,2550,13100,Kaduwela,Colombo,Colombo,Western Province,
B0240,13100,28070,Galagedara,Avissawella,Colombo,Western Province,
B0241,0,3075,Negambo unit,Negambo,Gampaha,Western Province,
B0242,0,11680,Malpana,Kundasale,Kandy,Central Province,1.0
B0243,0,15670,Akarawattha,Kuliyapitiya,Kurunegala,North Western Province,
B0244,0,10880,Akarawattha,Kuliyapitiya,Kurunegala,North Western Province,
B0245,0,850,Negambo unit,Negambo,Gampaha,Western Province,
B0246,0,1890,Negambo unit,Negambo,Gampaha,Western Province,
B0247,0,3000,Kurunegala,Kurunegala,Kurunegala,North Western Province,
B0247,3000,15910,Kiralabokka,Kurunegala,Kurunegala,North Western Province,
B0247,15910,54800,Nakkawatta,Kuliyapitiya,Kurunegala,North Western Province,5.0
B0247,54800,64560,Kokkawila,Chilaw,Chilaw,North Western Province,14.0
B0248,0,6275,Nugaduwa,Galle,Galle,Southern Province,
B0248,6275,21590,Baddegama,Galle,Galle,Southern Province,9.0
B0249,0,5610,Bambarakale,Nuwara Eliya,Nuwara Eliya,Central Province,
B0250,0,920,Pilleyardi,Batticaloa,Batticaloa,Eastern Province,
B0251,0,3600,Uda malala,Hambantota,Hambantota,Southern Province,
B0252,0,21720,Summerset,Nuwara Eliya,Nuwara Eliya,Central Province,
B0253,0,1730,Bulugolla,Kurunegala,Kurunegala,North Western Province,
B0254,0,3220,Pattiwila,Gampaha,Gampaha,Western Province,
B0255,0,290,Kokkawila,Chilaw,Chilaw,North Western Province,4.0
B0256,0,8200,Malpana,Kundasale,Kandy,Central Province,1.0
B0257,0,12310,Panwila,Kundasale,Kandy,Central Province,1.0
B0257,12310,20550,Matale,Matale,Matale,Central Province,1.0
B0258,0,12160,Dunupathanga,Maho,Kurunegala,North Western Province,
B0259,0,6470,Weerawila,Hambantota,Hambantota,Southern Province,
B0260,0,3450,Mulativu,Mullaitivu,Mullaitivu,Northern Province,
B0261,0,420,Ja-ela,Negambo,Gampaha,Western Province,
B0262,0,8630,Kadawatha,Gampaha,Gampaha,Western Province,
B0263,0,5555,Kaduwela,Colombo,Colombo,Western Province,
B0264,0,6000,Mawathagama,Kurunegala,Kurunegala,North Western Province,
B0264,6000,34340,Rambadagalla,Kurunegala,Kurunegala,North Western Province,
B0265,0,14600,Malwala,Ratnapura,Ratnapura,Sabaragamuwa Province,
B0266,0,5860,Samanthurai,Kalmunai,Akkaraipattu,Add.P Akkaraipattu,
B0267,0,6160,Homagama,Avissawella,Colombo,Western Province,
B0268,0,800,Changani,Jaffna,Jaffna,Northern Province,
B0268,800,11240,Jaffna,Jaffna,Jaffna,Northern Province,
B0268,11240,14160,Kaithadi,Point Pedro,Jaffna,Northern Province,
B0269,0,31870,Mankulam,Mullaitivu,Mullaitivu,Northern Province,
B0269,31870,39855,Vellankulam,Mannar,Vavuniya,Northern Province,
B0270,0,1860,Mannar town,Mannar,Vavuniya,Northern Province,
B0271,0,7436,Madampalla ,Negambo,Gampaha,Western Province,
B0272,0,10270,Walahapitiya,Chilaw,Chilaw,North Western Province,16.0
B0272,10270,19560,Paragammana,Kuliyapitiya,Kurunegala,North Western Province,
B0273,0,8685,Maskeliya,Norwood,Nuwara Eliya,Central Province,1.0
B0274,0,35160,Weragama,Matale,Matale,Central Province,
B0274,35160,43750,Kalugaga,Nalanda,Matale,Central Province,
B0275,0,22620,Welewatta,Matara,Matara,Southern Province,
B0276,0,6692,Changani,Jaffna,Jaffna,Northern Province,
B0277,0,2800,Changani,Jaffna,Jaffna,Northern Province,
B0278,0,13992,Molagoda,Kegalle,Kegalle,Sabaragamuwa Province,
B0279,0,20508,Molagoda,Kegalle,Kegalle,Sabaragamuwa Province,
B0279,20508,25378,Ulapane,Kadugannawa,Kandy,Central Province,
B0280,0,8300,Mawathagama,Kurunegala,Kurunegala,North Western Province,
B0281,0,8475,Mawathagama,Kurunegala,Kurunegala,North Western Province,
B0282,0,14865,Medawacchiya,Medawachchiya,Anuradhapura,North Central Province,1.0
B0282,14865,25810,Kebithigollewa,Medawachchiya,Anuradhapura,North Central Province,
B0282,25810,37600,Horawpathana,Medawachchiya,Anuradhapura,North Central Province,
B0283,0,19950,Medawacchiya,Medawachchiya,Anuradhapura,North Central Province,2.0
B0283,19950,25390,Kebithigollewa,Medawachchiya,Anuradhapura,North Central Province,
B0284,0,14535,Welewatta,Matara,Matara,Southern Province,
B0285,0,7240,Galagedara,Avissawella,Colombo,Western Province,
B0285,7240,18090,Ingiriya,Horana,Kalutara,Western Province,
B0286,0,3485,Tangalle,Tangalle,Hambantota,Southern Province,
B0286,3485,12090,Embilipitiya,Embilipitiya,Ratnapura,Sabaragamuwa Province,22.0
B0287,0,8590,Minneriya,Habarana,Polonnaruwa,North Central Province,
B0288,0,9000,Minuwangoda,Gampaha,Gampaha,Western Province,
B0288,9000,13265,Gampaha,Gampaha,Gampaha,Western Province,
B0289,0,3920,Minuwangoda,Gampaha,Gampaha,Western Province,
B0289,3920,12050,Negambo unit,Negambo,Gampaha,Western Province,
B0290,0,8200,Mirigama,Nittambuwa,Gampaha,Western Province,
B0291,0,3500,Navinna,Colombo,Colombo,Western Province,
B0292,0,7485,Gampaha,Gampaha,Gampaha,Western Province,
B0292,7485,10200,Nittambuwa,Nittambuwa,Gampaha,Western Province,
B0293,0,445,Pelwatta,Monaragala,Monaragala,UVA Province,
B0294,0,9891,Ambagaswewa,Habarana,Polonnaruwa,North Central Province,
B0295,0,2700,Ratmalana,Colombo,Colombo,Western Province,
B0295,2700,5070,Kesbewa,Avissawella,Colombo,Western Province,
B0296,0,22455,Kanagarayankulam,Vavuniya,Vavuniya,Northern Province,
B0296,22455,42680,Oddusuddan,Mullaitivu,Mullaitivu,Northern Province,
B0297,0,35500,Mulativu,Mullaitivu,Mullaitivu,Northern Province,
B0298,0,440,Pilleyardi,Batticaloa,Batticaloa,Eastern Province,
B0299,0,10000,Murunkan,Mannar,Vavuniya,Northern Province,
B0299,10000,15750,Murunkan,Mannar,Vavuniya,Northern Province,
B0300,0,5000,Kurunegala,Kurunegala,Kurunegala,North Western Province,
B0300,5000,18450,Kiribamuna,Kurunegala,Kurunegala,North Western Province,
B0301,0,2200,Mannar town,Mannar,Vavuniya,Northern Province,
B0302,0,3420,Kalutara,Kalutara,Kalutara,Western Province,
B0303,0,3590,Thalgaswala,Hiniduma,Galle,Southern Province,
B0304,0,10760,Naboda,Kalutara,Kalutara,Western Province,
B0304,10760,27080,Bellana,Agalawatta,Kalutara,Western Province,
B0304,27080,56150,Kalawellawa,Horana,Kalutara,Western Province,
B0305,0,2375,Jaffna,Jaffna,Jaffna,Northern Province,
B0306,0,2610,Kadugannawa,Kadugannawa,Kandy,Central Province,
B0307,0,754,CMC,Colombo,Colombo,Western Province,
B0307,754,3155,Nawala,Colombo,Colombo,Western Province,
B0308,0,38815,Metiyagane,Kuliyapitiya,Kurunegala,North Western Province,20.0
B0308,38815,44550,Haldaduwana,Chilaw,Chilaw,North Western Province,
B0309,0,11890,Welewatta,Matara,Matara,Southern Province,
B0310,0,3200,Madurawala,Horana,Kalutara,Western Province,
B0311,0,2780,Malpana,Kundasale,Kandy,Central Province,1.0
B0312,0,8330,Nalanda,Nalanda,Matale,Central Province,
B0312,8330,22260,Nalanda,Nalanda,Matale,Central Province,
B0312,22260,36100,Elahera,Habarana,Polonnaruwa,North Central Province,
B0312,36100,57100,Kalugaga,Nalanda,Matale,Central Province,
B0312,57100,61470,Hettipola,Nalanda,Matale,Central Province,
B0314,see map,6948,Changani,Jaffna,Jaffna,Northern Province,
B0315,0,1100,Jaffna,Jaffna,Jaffna,Northern Province,
B0316,0,1950,Navinna,Colombo,Colombo,Western Province,
B0317,0,10729,Ulapane,Kadugannawa,Kandy,Central Province,
B0317,10729,24110,Harangala,Norwood,Nuwara Eliya,Central Province,
B0317,24110,29710,Kotagala,Norwood,Nuwara Eliya,Central Province,
B0318,0,18720,Ulapane,Kadugannawa,Kandy,Central Province,
B0319,0,6910,Ulapane,Kadugannawa,Kandy,Central Province,
B0319,6910,12030,Norton Bridge,Norwood,Nuwara Eliya,Central Province,
B0320,0,12310,Thalgaswala,Hiniduma,Galle,Southern Province,
B0321,0,7940,Negambo unit,Negambo,Gampaha,Western Province,
B0321,7940,13100,Madampalla ,Negambo,Gampaha,Western Province,
B0322,0,10020,Negambo unit,Negambo,Gampaha,Western Province,
B0322,10020,34650,Madampalla ,Negambo,Gampaha,Western Province,
B0322,34650,38300,Mirigama,Nittambuwa,Gampaha,Western Province,
B0323,0,3630,Negambo unit,Negambo,Gampaha,Western Province,
B0324,0,4990,Negambo unit,Negambo,Gampaha,Western Province,
B0324,4990,20970,Madampalla ,Negambo,Gampaha,Western Province,
B0324,20970,30460,Mirigama,Nittambuwa,Gampaha,Western Province,
B0325,0,21615,Ulukkulam,Vavuniya,Vavuniya,Northern Province,
B0326,0,20990,Balalla,Maho,Kurunegala,North Western Province,
B0326,20990,48640,Koonwewa,Maho,Kurunegala,North Western Province,1.0
B0327,0,650,,Trincomalee,Trincomalee,Eastern Province,
B0328,0,5090,Norton Bridge,Norwood,Nuwara Eliya,Central Province,1.0
B0328,5090,16350,Maskeliya,Norwood,Nuwara Eliya,Central Province,1.0
B0329,0,15920,Norwood,Norwood,Nuwara Eliya,Central Province,1.0
B0330,0,9925,Norwood,Norwood,Nuwara Eliya,Central Province,
B0330,9925,12155,Maskeliya,Norwood,Nuwara Eliya,Central Province,
B0331,0,9202,Bambarakale,Nuwara Eliya,Nuwara Eliya,Central Province,
B0332,0,12900,Bambarakale,Nuwara Eliya,Nuwara Eliya,Central Province,
B0332,12900,41610,Walapane,Hanguranketa,Nuwara Eliya,Central Province,
B0332,41610,44950,Mirahawatta,Bandarawela,Badulla,UVA Province,
B0333,0,9490,Walachchenei,Batticaloa,Batticaloa,Eastern Province,
B0334,0,9280,Oddusuddan,Mullaitivu,Mullaitivu,Northern Province,
B0334,9280,10680,Kanagarayankulam,Vavuniya,Vavuniya,Northern Province,
B0335,0,720,Navinna,Colombo,Colombo,Western Province,
B0336,0,660,,Gampaha,Gampaha,Western Province,
B0337,0,7350,Pilleyardi,Batticaloa,Batticaloa,Eastern Province,
B0338,0,2840,Welewatta,Matara,Matara,Southern Province,
B0339,0,29770,Pagal owita,Pelmadulla,Ratnapura,Sabaragamuwa Province,
B0339,29770,33275,Norwood,Norwood,Nuwara Eliya,Central Province,1.0
B0340,0,3430,Town depot (Trincomalee),Trincomalee,Trincomalee,Eastern Province,
B0341,0,6760,Thisa Wewa,Anuradhapura,Anuradhapura,North Central Province,
B0341,6760,8950,Mankadawala,Anuradhapura,Anuradhapura,North Central Province,
B0342,0,14225,Padaviya,Medawachchiya,Anuradhapura,North Central Province,2.0
B0343,0,8910,Padaviya,Medawachchiya,Anuradhapura,North Central Province,1.0
B0344,0,6050,Kalawanchikudi,Batticaloa,Batticaloa,Eastern Province,
B0345,0,1550,Nawala,Colombo,Colombo,Western Province,
B0346,0,7970,Dombawela,Matale,Matale,Central Province,
B0346,7970,18735,Nalanda,Nalanda,Matale,Central Province,
B0346,18735,30500,Beligamuwa,Nalanda,Matale,Central Province,
B0347,0,7610,Muthur,Trincomalee,Trincomalee,Eastern Province,
B0348,0,7330,Galkulama,Puttalam,Chilaw,North Western Province,
B0349,0,40480,Palawi,Puttalam,Chilaw,North Western Province,
B0350,0,12330,Ampara,Ampara,Ampara,Add.P Akkaraipattu,
B0351,0,12360,Balawinna,Embilipitiya,Ratnapura,Sabaragamuwa Province,
B0351,12360,12500,Molamure,Pelmadulla,Ratnapura,Sabaragamuwa Province,
B0352,0,1380,Mannar town,Mannar,Vavuniya,Northern Province,
B0353,0,14960,Mirahawatta,Bandarawela,Badulla,UVA Province,
B0353,14960,26660,Ella,Bandarawela,Badulla,UVA Province,
B0354,0,6530,Galagedara,Avissawella,Colombo,Western Province,
B0355,0,16102,Pottuvil,Akkaraipattu,Akkaraipattu,Add.P Akkaraipattu,
B0356,0,16280,Paragammana,Kuliyapitiya,Kurunegala,North Western Province,2.0
B0357,0,20000,Kilinochchi town,Kilinochchi,Mullaitivu,Northern Province,
B0357,20000,25790,Nallur,Kilinochchi,Mullaitivu,Northern Province,
B0358,0,5100,Yatiyanthota,Ruwanwella,Kegalle,Sabaragamuwa Province,
B0359,0,4960,Debadda,Badulla,Badulla,UVA Province,
B0359,4960,29150,Pelwatta,Monaragala,Monaragala,UVA Province,
B0360,0,29090,Debadda,Badulla,Badulla,UVA Province,
B0361,0,6680,Nittambuwa,Nittambuwa,Gampaha,Western Province,
B0362,0,1800,,Gampaha,Gampaha,Western Province,
B0363,0,23950,Horawala,Agalawatta,Kalutara,Western Province,
B0363,23950,36290,Malgalla,Hiniduma,Galle,Southern Province,
B0363,36290,52210,Porupitiya,Deniyaya,Matara,Southern Province,2.0
B0364,0,21800,Gatambe,Kandy,Kandy,Central Province,
B0364,21800,32450,Tennekumbura,Kandy,Kandy,Central Province,
B0364,32450,50260,Rikillagaskada,Hanguranketa,Nuwara Eliya,Central Province,
B0365,0,2840,Gatambe,Kandy,Kandy,Central Province,
B0365,2840,9890,Aladeniya,Kandy,Kandy,Central Province,
B0366,0,2240,Pudawelkattu,Trincomalee,Trincomalee,Eastern Province,
B0367,0,7330,Kesbewa,Avissawella,Colombo,Western Province,
B0368,0,4075,Nawala,Colombo,Colombo,Western Province,
B0369,0,5080,Panwila,Kundasale,Kandy,Central Province,1.0
B0370,0,4700,Mandan,Point Pedro,Jaffna,Northern Province,
B0371,0,12840,Mandan,Point Pedro,Jaffna,Northern Province,
B0371,12840,29150,Paranthan,Kilinochchi,Mullaitivu,Northern Province,
B0372,0,1290,Hali-Ela,Badulla,Badulla,UVA Province,
B0373,0,3225,Medawacchiya,Medawachchiya,Anuradhapura,North Central Province,1.0
B0374,0,17560,Pottuvil,Akkaraipattu,Akkaraipattu,Add.P Akkaraipattu,
B0375,0,1660,Town depot (Trincomalee),Trincomalee,Trincomalee,Eastern Province,
B0376,0,120,Tangalle,Tangalle,Hambantota,Southern Province,
B0377,0,7670,Palipana,Kandy,Kandy,Central Province,
B0378,0,10890,Madhu,Mannar,Vavuniya,Northern Province,
B0379,0,3000,Puttalam,Puttalam,Chilaw,North Western Province,
B0379,3000,65970,Wanathawilluwa,Puttalam,Chilaw,North Western Province,
B0380,0,11270,Jaffna,Jaffna,Jaffna,Northern Province,
B0380,11270,12780,Changani,Jaffna,Jaffna,Northern Province,
B0381,0,3220,Summerset,Nuwara Eliya,Nuwara Eliya,Central Province,
B0382,0,3520,Ja-ela,Negambo,Gampaha,Western Province,
B0383,0,1180,Rakwana,Embilipitiya,Ratnapura,Sabaragamuwa Province,
B0384,0,9900,Rambukkana,Kegalle,Kegalle,Sabaragamuwa Province,
B0385,0,14050,Rambukkana,Kegalle,Kegalle,Sabaragamuwa Province,
B0385,14050,16525,Molagoda,Kegalle,Kegalle,Sabaragamuwa Province,
B0386,0,190,Gampaha,Gampaha,Gampaha,Western Province,
B0387,0,15440,Tangalle,Tangalle,Hambantota,Southern Province,
B0388,0,2000,Ratmalana,Colombo,Colombo,Western Province,
B0389,0,5290,Ratmalana,Colombo,Colombo,Western Province,
B0389,5290,7800,Navinna,Colombo,Colombo,Western Province,
B0390,0,20350,Malwala,Ratnapura,Ratnapura,Sabaragamuwa Province,
B0391,0,26660,Malwala,Ratnapura,Ratnapura,Sabaragamuwa Province,
B0392,0,11560,Weragama,Matale,Matale,Central Province,
B0393,0,2010,Rambadagalla,Kurunegala,Kurunegala,North Western Province,
B0394,0,see map,Weerawila,Hambantota,Hambantota,Southern Province,
B0395,0,seemap,Puttalam,Puttalam,Chilaw,North Western Province,
B0396,0,9580,Ella,Bandarawela,Badulla,UVA Province,
B0397,0,890,Mankadawala,Anuradhapura,Anuradhapura,North Central Province,
B0398,0,7985,Changani,Jaffna,Jaffna,Northern Province,
B0399,0,3321,Jaffna,Jaffna,Jaffna,Northern Province,
B0400,0,5010,Negambo unit,Negambo,Gampaha,Western Province,
B0400,5010,12580,Minuwangoda,Gampaha,Gampaha,Western Province,
B0401,0,4000,Kadawatha,Gampaha,Gampaha,Western Province,
B0402,0,7260,Paranthan,Kilinochchi,Mullaitivu,Northern Province,
B0403,0,16970,Mannar town,Mannar,Vavuniya,Northern Province,
B0403,16970,48060,Murunkan,Mannar,Vavuniya,Northern Province,
B0404,0,520,Madurawala,Horana,Kalutara,Western Province,
B0405,0,730,Madurawala,Horana,Kalutara,Western Province,
B0406,0,6550,Kotagala,Norwood,Nuwara Eliya,Central Province,
B0407,0,2260,Negambo unit,Negambo,Gampaha,Western Province,
B0408,0,5000,Dehiowita,Ruwanwella,Kegalle,Sabaragamuwa Province,
B0408,5000,13800,Morawatta,Ruwanwella,Kegalle,Sabaragamuwa Province,
B0408,13800,17200,Pugoda,Nittambuwa,Gampaha,Western Province,
B0409,0,14975,Rambadagalla,Kurunegala,Kurunegala,North Western Province,
B0409,14975,26260,Dombawela,Matale,Matale,Central Province,
B0410,0,13750,Tangalle,Tangalle,Hambantota,Southern Province,24.0
B0411,0,9405,Malgalla,Hiniduma,Galle,Southern Province,
B0412,0,24455,Ramboda,Nuwara Eliya,Nuwara Eliya,Central Province,
B0412,24455,32200,Summerset,Nuwara Eliya,Nuwara Eliya,Central Province,
B0413,0,22140,Tennekumbura,Kandy,Kandy,Central Province,
B0413,22140,39190,Rikillagaskada,Hanguranketa,Nuwara Eliya,Central Province,
B0413,39190,54885,Keerthibandarapura,Hanguranketa,Nuwara Eliya,Central Province,
B0413,54885,70760,Walapane,Hanguranketa,Nuwara Eliya,Central Province,
B0414,0,1210,Jaffna,Jaffna,Jaffna,Northern Province,
B0414,1210,2770,Changani,Jaffna,Jaffna,Northern Province,
B0415,0,11330,Welewatta,Matara,Matara,Southern Province,
B0415,11330,53980,Beragama,Deniyaya,Matara,Southern Province,32.0
B0415,53980,65130,Porupitiya,Deniyaya,Matara,Southern Province,2.0
B0416,0,5370,Nittambuwa,Nittambuwa,Gampaha,Western Province,
B0417,0,12900,Mandan,Point Pedro,Jaffna,Northern Province,
B0418,0,2690,Mandan,Point Pedro,Jaffna,Northern Province,
B0419,0,11990,haldaduwana,Chilaw,Chilaw,North Western Province,
B0419,11990,26620,Walahapitiya,Chilaw,Chilaw,North Western Province,
B0420,0,2820,Jaffna,Jaffna,Jaffna,Northern Province,
B0420,2820,see map,Changani,Jaffna,Jaffna,Northern Province,
B0421,0,12980,Malwala,Ratnapura,Ratnapura,Sabaragamuwa Province,
B0421,12980,46050,Kalawana,Ratnapura,Ratnapura,Sabaragamuwa Province,
B0421,46050,66950,Bellana,Agalawatta,Kalutara,Western Province,
B0422,0,13045,Weerawila,Hambantota,Hambantota,Southern Province,
B0423,0,5090,Maradankadawala,Maradankadawala,Anuradhapura,North Central Province,
B0423,5090,32680,Vijithapura,Maradankadawala,Anuradhapura,North Central Province,
B0423,32680,45030,Beligamuwa,Nalanda,Matale,Central Province,
B0424,0,7370,Town depot (Trincomalee),Trincomalee,Trincomalee,Eastern Province,
B0424,7370,40010,Pudawelkattu,Trincomalee,Trincomalee,Eastern Province,
B0424,40010,55750,Pulmuddai,Trincomalee,Trincomalee,Eastern Province,
B0425,0,7930,Ja-ela,Negambo,Gampaha,Western Province,
B0425,7930,20450,Negambo unit,Negambo,Gampaha,Western Province,
B0426,0,9300,Kaluaggala,Avissawella,Colombo,Western Province,
B0427,0,4920,Balawinna,Embilipitiya,Ratnapura,Sabaragamuwa Province,1.0
B0427,4920,35510,Bodagama,Monaragala,Monaragala,UVA Province,
B0428,0,1780,Paragammana,Kuliyapitiya,Kurunegala,North Western Province,
B0429,0,10800,Malgalla,Hiniduma,Galle,Southern Province,
B0430,0,13030,Minuwangoda,Gampaha,Gampaha,Western Province,
B0430,13030,15080,Madampalla ,Negambo,Gampaha,Western Province,
B0431,0,6740,Gampola,Kadugannawa,Kandy,Central Province,
B0431,6740,20870,Ramboda,Nuwara Eliya,Nuwara Eliya,Central Province,
B0432,0,13835,Kokkawila,Chilaw,Chilaw,North Western Province,10.0
B0433,0,2530,Pilleyardi,Batticaloa,Batticaloa,Eastern Province,
B0434,0,7140,Nittambuwa,Nittambuwa,Gampaha,Western Province,
B0435,0,7700,Orugodawatta,Colombo,Colombo,Western Province,
B0436,0,2720,Changani,Jaffna,Jaffna,Northern Province,
B0437,0,4450,Jaffna,Jaffna,Jaffna,Northern Province,
B0437,4450,27440,Changani,Jaffna,Jaffna,Northern Province,
B0438,0,5515,Mandan,Point Pedro,Jaffna,Northern Province,
B0439,0,5280,Samanthurai,Kalmunai,Akkaraipattu,Add.P Akkaraipattu,
B0440,0,16260,Chavalakadi,Kalmunai,Akkaraipattu,Add.P Akkaraipattu,
B0441,0,7035,Velanai,Jaffna,Jaffna,Northern Province,
B0442,0,8050,Vavuniya,Vavuniya,Vavuniya,Northern Province,
B0443,0,1970,Nittambuwa,Nittambuwa,Gampaha,Western Province,
B0443,1970,8630,Mirigama,Nittambuwa,Gampaha,Western Province,
B0444,0,2005,Nittambuwa,Nittambuwa,Gampaha,Western Province,
B0444,2005,7480,Mirigama,Nittambuwa,Gampaha,Western Province,
B0445,0,17680,Nittambuwa,Nittambuwa,Gampaha,Western Province,
B0445,17680,32000,Morawatta,Ruwanwella,Kegalle,Sabaragamuwa Province,
B0446,0,85,Gampaha,Gampaha,Gampaha,Western Province,
B0447,0,3950,Kanniya,Trincomalee,Trincomalee,Eastern Province,
B0448,0,880,Puttalam,Puttalam,Chilaw,North Western Province,
B0449,0,5270,Bandaragama,Kalutara,Kalutara,Western Province,
B0450,0,7770,Tangalle,Tangalle,Hambantota,Southern Province,
B0451,0,1210,Homagama,Avissawella,Colombo,Western Province,
B0452,0,7080,Homagama,Avissawella,Colombo,Western Province,
B0453,0,9335,Nittambuwa,Nittambuwa,Gampaha,Western Province,
B0454,0,36170,Thalgaswala,Hiniduma,Galle,Southern Province,
B0455,0,9750,Kottawa,Hiniduma,Galle,Southern Province,
B0456,0,2500,Warakapola,Kegalle,Kegalle,Sabaragamuwa Province,
B0456,2500,10070,Mirigama,Nittambuwa,Gampaha,Western Province,
B0457,0,12020,Warakapola,Kegalle,Kegalle,Sabaragamuwa Province,
B0457,12020,22080,Morawatta,Ruwanwella,Kegalle,Sabaragamuwa Province,
B0458,0,12160,Bandaragama,Kalutara,Kalutara,Western Province,
B0459,0,1500,Wattala,Negambo,Gampaha,Western Province,
B0460,0,1410,Wattala,Negambo,Gampaha,Western Province,
B0460,1410,7165,Kadawatha,Gampaha,Gampaha,Western Province,
B0461,0,4550,Panwila,Kundasale,Kandy,Central Province,1.0
B0461,4550,14680,Alupothuwila,Matale,Matale,Central Province,
B0461,14680,30340,Matale,Matale,Matale,Central Province,
B0462,0,4900,Panwila,Kundasale,Kandy,Central Province,1.0
B0462,4900,12900,Alupothuwila,Matale,Matale,Central Province,
B0463,0,12425,Tangalle,Tangalle,Hambantota,Southern Province,
B0464,0,23630,Weerawila,Hambantota,Hambantota,Southern Province,
B0465,0,9780,Weligama,Matara,Matara,Southern Province,
B0466,0,11020,Weligama,Matara,Matara,Southern Province,
B0467,0,11040,Balawinna,Embilipitiya,Ratnapura,Sabaragamuwa Province,16.0
B0468,0,5020,Negambo unit,Negambo,Gampaha,Western Province,
B0469,0,2960,Nawala,Colombo,Colombo,Western Province,
B0469,2960,5950,Orugodawatta,Colombo,Colombo,Western Province,
B0470,0,2790,Nawala,Colombo,Colombo,Western Province,
B0471,0,17274,Mirahawatta,Bandarawela,Badulla,UVA Province,
B0472,0,5860,Gampaha,Gampaha,Gampaha,Western Province,
B0472,5860,12880,Pugoda,Nittambuwa,Gampaha,Western Province,
B0473,0,5245,Haldaduwana,Chilaw,Chilaw,North Western Province,
B0474,0,25720,Gurulupotha,Kundasale,Kandy,Central Province,1.0
B0475,0,4080,Bulugolla,Kurunegala,Kurunegala,North Western Province,
B0475,4080,13590,Rambukkana,Kegalle,Kegalle,Sabaragamuwa Province,
B0476,0,6290,Mirigama,Nittambuwa,Gampaha,Western Province,
B0477,0,9460,Horaketiya,Pelmadulla,Ratnapura,Sabaragamuwa Province,
B0478,0,5225,Dunupathanga,Maho,Kurunegala,North Western Province,1.0
B0478,5225,21830,Kiribamuna,Kurunegala,Kurunegala,North Western Province,
B0479,0,1940,Gampaha,Gampaha,Gampaha,Western Province,
B0479,1940,12700,Nittambuwa,Nittambuwa,Gampaha,Western Province,
B0480,0,9940,Kottawa,Hiniduma,Galle,Southern Province,
B0480,9940,12180,Indikatudeniya,Deniyaya,Matara,Southern Province,17.0
B0481,0,2755,Bellana,Agalawatta,Kalutara,Western Province,
B0482,0,23540,Yatiyanthota,Ruwanwella,Kegalle,Sabaragamuwa Province,
B0483,0,14470,Samanthurai,Kalmunai,Akkaraipattu,Add.P Akkaraipattu,
B0484,0,19410,Gurulupotha,Kundasale,Kandy,Central Province,1.0
B0484,19410,43460,Hettipola,Nalanda,Matale,Central Province,
B0485,0,25820,Tangalle,Tangalle,Hambantota,Southern Province,
B0486,0,12160,Embilipitiya,Embilipitiya,Ratnapura,Sabaragamuwa Province,27.0
B0486,12160,14340,Tangalle,Tangalle,Hambantota,Southern Province,
B0487,0,1600,Kurunegala,Kurunegala,Kurunegala,North Western Province,
B0488,0,42680,Kaduruwela,Polonnaruwa,Polonnaruwa,North Central Province,
B0489,0,430,Tennekumbura,Kandy,Kandy,Central Province,
B0490,0,7400,Gampola,Kadugannawa,Kandy,Central Province,
B0491,0,3820,Harangala,Norwood,Nuwara Eliya,Central Province,
B0492,0,3500,Tennekumbura,Kandy,Kandy,Central Province,
B0492,3500,45170,Keerthibandarapura,Hanguranketa,Nuwara Eliya,Central Province,
B0492,45170,54710,Mahiyanganaya,Mahiyanganaya,Badulla,UVA Province,
B0493,0,7885,Udadumbara,Kundasale,Kandy,Central Province,1.0
B0494,0,2300,Keerthibandarapura,Hanguranketa,Nuwara Eliya,Central Province,
B0495,0,1880,Parakaduwa,Ratnapura,Ratnapura,Sabaragamuwa Province,
B0496,0,5060,Bodagama,Monaragala,Monaragala,UVA Province,
B0497,0,8630,Mahiyanganaya,Mahiyanganaya,Badulla,UVA Province,
B0498,0,7170,Mahiyanganaya,Mahiyanganaya,Badulla,UVA Province,
B0499,0,12520,Weerawila,Hambantota,Hambantota,Southern Province,
B0500,0,1060,Weerawila,Hambantota,Hambantota,Southern Province,
B0501,0,9990,Sinharagama,Anuradhapura,Anuradhapura,North Central Province,
B0501,9990,28405,Thalawa,Anuradhapura,Anuradhapura,North Central Province,
B0501,28405,50865,Vijithapura,Maradankadawala,Anuradhapura,North Central Province,
B0502,0,32870,Manampitiya,Polonnaruwa,Polonnaruwa,North Central Province,
B0503,0,2330,Metiyagane,Kuliyapitiya,Kurunegala,North Western Province,7.0
B0503,2330,4600,Madampalla ,Negambo,Gampaha,Western Province,
B0504,0,2330,Navinna,Colombo,Colombo,Western Province,
B0505,0,860,Kadugannawa,Kadugannawa,Kandy,Central Province,
B0506,0,8830,Harangala,Norwood,Nuwara Eliya,Central Province,
B0507,0,8010,Mirahawatta,Bandarawela,Badulla,UVA Province,
B0508,0,31420,Mirahawatta,Bandarawela,Badulla,UVA Province,
B0509,0,2950,Mankadawala,Anuradhapura,Anuradhapura,North Central Province,
B0510,0,1400,Kesbewa,Avissawella,Colombo,Western Province,
B0511,0,4040,Keerthibandarapura,Hanguranketa,Nuwara Eliya,Central Province,
B0512,0,26950,Bambarakale,Nuwara Eliya,Nuwara Eliya,Central Province,
B0513,0,14900,Pelwatta,Monaragala,Monaragala,UVA Province,
B0514,0,22320,Mahiyanganaya,Mahiyanganaya,Badulla,UVA Province,
B0515,0,1100,Mankadawala,Anuradhapura,Anuradhapura,North Central Province,
B0516,0,4200,Palawi,Puttalam,Chilaw,North Western Province,
B0517,0,8100,Dehiatthakandiya,Dehiatthakandiya,Ampara,Add.P Akkaraipattu,
B0517,8100,20780,Siripura,Polonnaruwa,Polonnaruwa,North Central Province,
B0518,0,1746,Tennekumbura,Kandy,Kandy,Central Province,
B0519,0,570,Gatambe,Kandy,Kandy,Central Province,
B0520,0,128,Gatambe,Kandy,Kandy,Central Province,
B0521,0,400,Gatambe,Kandy,Kandy,Central Province,
B0522,0,8890,Pelwatta,Monaragala,Monaragala,UVA Province,
B0523,0,580,Thalgaswala,Hiniduma,Galle,Southern Province,
B0524,0,2400,Welewatta,Matara,Matara,Southern Province,
B0525,0,1870,Welewatta,Matara,Matara,Southern Province,
B0526,0,1460,Baddegama,Galle,Galle,Southern Province,10.0
B0527,0,49740,Bibile ,Bibile,Monaragala,UVA Province,
B0527,49740,59970,Ampara,Ampara,Ampara,Add.P Akkaraipattu,
B0528,0,40100,Bodagama,Monaragala,Monaragala,UVA Province,
B0528,40100,45130,Molamure,Pelmadulla,Ratnapura,Sabaragamuwa Province,
B0529,0,3370,Kaduruwela,Polonnaruwa,Polonnaruwa,North Central Province,
B0530,0,2050,Navinna,Colombo,Colombo,Western Province,
B0531,0,718,Nawala,Colombo,Colombo,Western Province,
B0532,0,430,Nawala,Colombo,Colombo,Western Province,
B0533,0,864,Nawala,Colombo,Colombo,Western Province,
B0534,0,260,Nawala,Colombo,Colombo,Western Province,
B0535,0,seemap,Welewatta,Matara,Matara,Southern Province,
B0536,0,8950,Welewatta,Matara,Matara,Southern Province,
B0537,0,5690,Aladeniya,Kandy,Kandy,Central Province,
B0538,0,7980,Kahatagasdigiliya,Medawachchiya,Anuradhapura,North Central Province,
B0538,7980,24270,Kebithigollewa,Medawachchiya,Anuradhapura,North Central Province,2.0
B0539,0,7795,Abanpitiya,Kegalle,Kegalle,Sabaragamuwa Province,
B0540,0,7075,Abanpitiya,Kegalle,Kegalle,Sabaragamuwa Province,
B0540,7075,13320,Warakapola,Kegalle,Kegalle,Sabaragamuwa Province,
B0541,0,7970,Thamealaegamam,Trincomalee,Trincomalee,Eastern Province,
B0541,7970,14920,Chinabay,Trincomalee,Trincomalee,Eastern Province,
B0542,0,1140,Pilleyardi,Batticaloa,Batticaloa,Eastern Province,
B0543,0,430,Pilleyardi,Batticaloa,Batticaloa,Eastern Province,
B0544,0,9770,Bellana,Agalawatta,Kalutara,Western Province,
B0545,0,940,Ratmalana,Colombo,Colombo,Western Province,
B0546,0,1140,Kadawatha,Gampaha,Gampaha,Western Province,
B0547,0,2500,Ratmalana,Colombo,Colombo,Western Province,
B0548,0,16135,Tangalle,Tangalle,Hambantota,Southern Province,
B0549,0,5700,Embilipitiya,Embilipitiya,Ratnapura,Sabaragamuwa Province,22.0
B0549,5700,16860,Bodagama,Monaragala,Monaragala,UVA Province,
B0550,0,2580,Tennekumbura,Kandy,Kandy,Central Province,
B0551,0,820,Tennekumbura,Kandy,Kandy,Central Province,
B0552,0,6170,Kaduruwela,Polonnaruwa,Polonnaruwa,North Central Province,
B0552,6170,12800,Minneriya,Habarana,Polonnaruwa,North Central Province,
B0553,0,170,Nawala,Colombo,Colombo,Western Province,
B0553,170,820,Navinna,Colombo,Colombo,Western Province,
B0554,0,2470,Ja-ela,Negambo,Gampaha,Western Province,
B0555,0,1600,Porupitiya,Deniyaya,Matara,Southern Province,1.0
B0556,0,8000,Maradankadawala,Maradankadawala,Anuradhapura,North Central Province,
B0556,8000,13260,Vijithapura,Maradankadawala,Anuradhapura,North Central Province,
B0557,0,560,Welewatta,Matara,Matara,Southern Province,
B0558,0,5940,Karandeniya,Galle,Galle,Southern Province,
B0559,0,820,Welewatta,Matara,Matara,Southern Province,
B0560,0,130,Ratmalana,Colombo,Colombo,Western Province,
B0561,0,860,Inamaluwa,Nalanda,Matale,Central Province,
B0562,0,23320,Uda malala,Hambantota,Hambantota,Southern Province,
B0563,0,8380,Uda malala,Hambantota,Hambantota,Southern Province,
B0563,8380,12000,Embilipitiya,Embilipitiya,Ratnapura,Sabaragamuwa Province,18.0
B0564,0,13780,Sinharagama,Anuradhapura,Anuradhapura,North Central Province,
B0565,0,360,Tangalle,Tangalle,Hambantota,Southern Province,
B0566,0,3820,Tangalle,Tangalle,Hambantota,Southern Province,
B0567,0,23530,Weerawila,Hambantota,Hambantota,Southern Province,
B0568,0,2185,Vijithapura,Maradankadawala,Anuradhapura,North Central Province,
B0568,2185,14120,Ambanpola,Maho,Kurunegala,North Western Province,
B0569,0,800,Gampaha,Gampaha,Gampaha,Western Province,
B0570,0,5410,Gampaha,Gampaha,Gampaha,Western Province,
B0571,0,1130,Akkaraipattu,Akkaraipattu,Akkaraipattu,Add.P Akkaraipattu,
B0572,0,9730,Akkaraipattu,Akkaraipattu,Akkaraipattu,Add.P Akkaraipattu,
B0573,0,22930,Akkaraipattu,Akkaraipattu,Akkaraipattu,Add.P Akkaraipattu,
B0574,0,2180,Akkaraipattu,Akkaraipattu,Akkaraipattu,Add.P Akkaraipattu,
B0575,0,5210,Chavalakadi,Kalmunai,Akkaraipattu,Add.P Akkaraipattu,
B0576,0,1330,Akkaraipattu,Akkaraipattu,Akkaraipattu,Add.P Akkaraipattu,
B0577,0,6320,Mahiyanganaya,Mahiyanganaya,Badulla,UVA Province,
B0577,6320,12210,Hettipola,Nalanda,Matale,Central Province,
B0578,0,8240,Nugaduwa,Galle,Galle,Southern Province,43.0
B0579,0,4600,Kaduruwela,Polonnaruwa,Polonnaruwa,North Central Province,
B0580,0,8170,Mahiyanganaya,Mahiyanganaya,Badulla,UVA Province,
B0581,0,80,Mirahawatta,Bandarawela,Badulla,UVA Province,
B0582,0,7940,Ramboda,Nuwara Eliya,Nuwara Eliya,Central Province,
B0583,0,1800,Molagoda,Kegalle,Kegalle,Sabaragamuwa Province,
B0584,0,11700,Bellana,Agalawatta,Kalutara,Western Province,
B0585,0,1060,Kalutara,Kalutara,Kalutara,Western Province,
B0586,0,320,Matale,Matale,Matale,Central Province,
B0587,0,7165,Uda malala,Hambantota,Hambantota,Southern Province,
B0587,7165,14113,Bodagama,Monaragala,Monaragala,UVA Province,
B0588,0,10060,Weekada,Ruwanwella,Kegalle,Sabaragamuwa Province,
B0588,10060,12360,Ulapane,Kadugannawa,Kandy,Central Province,
B0589,0,4080,Parakaduwa,Ratnapura,Ratnapura,Sabaragamuwa Province,
B0590,0,1160,Ampara,Ampara,Ampara,Add.P Akkaraipattu,
B0591,0,610,Malpana,Kundasale,Kandy,Central Province,
B0592,0,12810,,Kegalle,Kegalle,Sabaragamuwa Province,
B0593,0,7990,Pagal owita,Pelmadulla,Ratnapura,Sabaragamuwa Province,
B0593,7990,27080,Molamure,Pelmadulla,Ratnapura,Sabaragamuwa Province,
B0594,0,5200,Nugaduwa,Galle,Galle,Southern Province,
B0595,0,12550,Welewatta,Matara,Matara,Southern Province,
B0596,0,8015,Wattala,Negambo,Gampaha,Western Province,
B0597,0,4610,Negambo unit ,Negambo,Gampaha,Western Province,
B0598,0,4000,Negambo unit ,Negambo,Gampaha,Western Province,
B0599,0,3540,Hettimulla,Kegalle,Kegalle,Sabaragamuwa Province,
B0600,0,5080,Dewalegama,Kegalle,Kegalle,Sabaragamuwa Province,
B0601,0,4390,Dewalegama,Kegalle,Kegalle,Sabaragamuwa Province,
B0602,0,8190,Abanpitiya,Kegalle,Kegalle,Sabaragamuwa Province,
B0603,0,11910,Morawatta,Ruwanwella,Kegalle,Sabaragamuwa Province,
B0604,0,6975,Hettimulla,Kegalle,Kegalle,Sabaragamuwa Province,
B0604,6975,14450,Abanpitiya,Kegalle,Kegalle,Sabaragamuwa Province,
B0605,0,6300,Weekada,Ruwanwella,Kegalle,Sabaragamuwa Province,
B0606,0,4660,Tangalle,Tangalle,Hambantota,Southern Province,
B0606,4660,8905,Beragama,Deniyaya,Matara,Southern Province,17.0
B0607,0,5010,Beragama,Deniyaya,Matara,Southern Province,23.0
B0607,5010,9360,Porupitiya,Deniyaya,Matara,Southern Province,2.0
B0608,0,150,Tennekumbura,Kandy,Kandy,Central Province,
B0609,0,3200,Kiribamuna,Kurunegala,Kurunegala,North Western Province,
B0609,3200,14830,Koonwewa,Maho,Kurunegala,North Western Province,
B0610,0,6150,Kiribamuna,Kurunegala,Kurunegala,North Western Province,
B0610,6150,12670,Koonwewa,Maho,Kurunegala,North Western Province,
B0611,0,15200,Kurunegala,Kurunegala,Kurunegala,North Western Province,
B0612,0,2380,Ramboda,Nuwara Eliya,Nuwara Eliya,Central Province,
B0613,0,1030,Ramboda,Nuwara Eliya,Nuwara Eliya,Central Province,
B0614,0,9235,Chilaw,Chilaw,Chilaw,North Western Province,
B0615,0,18115,Inamaluwa,Nalanda,Matale,Central Province,
B0615,18115,32215,Elahera,Habarana,Polonnaruwa,North Central Province,
B0616,0,19500,Sinharagama,Anuradhapura,Anuradhapura,North Central Province,
B0617,0,14530,Ambagaswewa,Habarana,Polonnaruwa,North Central Province,
B0618,0,7454,Kanthale,Trincomalee,Trincomalee,Eastern Province,
B0618,7454,13985,Thamealaegamam,Trincomalee,Trincomalee,Eastern Province,
B0619,0,5165,Kanniya,Trincomalee,Trincomalee,Eastern Province,
B0620,0,4050,Kanniya,Trincomalee,Trincomalee,Eastern Province,
B0621,0,7360,Meewathura,Kadugannawa,Kandy,Central Province,
B0622,0,25300,Tangalle,Tangalle,Hambantota,Southern Province,
B0623,0,11666,Tangalle,Tangalle,Hambantota,Southern Province,
B0624,0,6575,Tangalle,Tangalle,Hambantota,Southern Province,
B0625,0,4210,Tangalle,Tangalle,Hambantota,Southern Province,
B0626,0,6550,Tangalle,Tangalle,Hambantota,Southern Province,
B0627,0,10060,Tangalle,Tangalle,Hambantota,Southern Province,
B0628,0,8720,Tangalle,Tangalle,Hambantota,Southern Province,
B0629,0,13120,Tangalle,Tangalle,Hambantota,Southern Province,
B0630,0,8915,Tangalle,Tangalle,Hambantota,Southern Province,
B0630,8915,13850,Welewatta,Matara,Matara,Southern Province,
B0631,0,29445,Uda malala,Hambantota,Hambantota,Southern Province,
B0632,0,6780,Pattiwila,Gampaha,Gampaha,Western Province,
B0633,0,2505,Ja-ela,Negambo,Gampaha,Western Province,
B0634,0,1910,Kadawatha,Gampaha,Gampaha,Western Province,
B0635,0,1285,Welewatta,Matara,Matara,Southern Province,
B0636,0,1750,Indikatudeniya,Deniyaya,Matara,Southern Province,6.0
B0637,0,2100,Weligama,Matara,Matara,Southern Province,
B0638,0,3000,Thisawewa,Anuradhapura,Anuradhapura,North Central Province,
B0639,0,2850,Kesbewa,Avissawella,Colombo,Western Province,
B0640,0,12360,Haldaduwana,Chilaw,Chilaw,North Western Province,
B0640,12360,21920,Walahapitiya,Chilaw,Chilaw,North Western Province,
B0640,21920,31630,Chilaw,Chilaw,Chilaw,North Western Province,
B0641,0,1664,Kadawatha,Gampaha,Gampaha,Western Province,
B0642,0,1260,Nawala,Colombo,Colombo,Western Province,
B0643,0,4370,Dewalegama,Kegalle,Kegalle,Sabaragamuwa Province,
B0644,0,3255,Orugodawatta,Colombo,Colombo,Western Province,
B0644,3255,4545,Nawala,Colombo,Colombo,Western Province,
B0645,0,4100,Nawala,Colombo,Colombo,Western Province,
K0001,0,21660,Ampara,Ampara,Ampara,Add.P Akkaraipattu,
K0002,0,12666,Mankadawala,Anuradhapura,Anuradhapura,North Central Province,
K0003,0,490,Ulapane,Kadugannawa,Kandy,Central Province,
K0004,0,180,Kaduwela,Colombo,Colombo,Western Province,
K0004,180,780,Pattiwila,Gampaha,Gampaha,Western Province,
K0005,0,2460,Navinna,Colombo,Colombo,Western Province,
K0006,0,70,Kaluaggala,Avissawella,Colombo,Western Province,
K0007,0,1130,Horaketiya,Pelmadulla,Ratnapura,Sabaragamuwa Province,
K0008,0,450,Ella,Bandarawela,Badulla,UVA Province,
K0009,0,1830,Negambo unit ,Negambo,Gampaha,Western Province,
K0010,0,270,CMC,Colombo,Colombo,Western Province,
K0010,270,8600,Orugodawatta,Colombo,Colombo,Western Province,
K0010,8600,20550,Kaduwela,Colombo,Colombo,Western Province,
K0010,20550,26660,Kaluaggala,Avissawella,Colombo,Western Province,
K0011,0,6410,Ratmalana,Colombo,Colombo,Western Province,
K0011,6410,6820,Panadura,Kalutara,Kalutara,Western Province,
K0012,0,1160,Nugaduwa,Galle,Galle,Southern Province,
K0013,0,16180,Ulapane,Kadugannawa,Kandy,Central Province,
K0014,0,1400,Malwala,Ratnapura,Ratnapura,Sabaragamuwa Province,
K0015,0,3800,Nawala,Colombo,Colombo,Western Province,
K0016,0,10430,Jaffna,Jaffna,Jaffna,Northern Province,
K0016,10430,18250,Changani,Jaffna,Jaffna,Northern Province,
K0017,0,4410,Jaffna,Jaffna,Jaffna,Northern Province,
K0017,4410,27430,Changani,Jaffna,Jaffna,Northern Province,
K0018,0,9000,Jaffna,Jaffna,Jaffna,Northern Province,
K0018,9000,17220,Changani,Jaffna,Jaffna,Northern Province,
K0019,0,2010,Jaffna,Jaffna,Jaffna,Northern Province,
K0019,2010,20250,Velanai,Jaffna,Jaffna,Northern Province,
K0020,0,20185,Jaffna,Jaffna,Jaffna,Northern Province,
K0020,20185,33890,Mandan,Point Pedro,Jaffna,Northern Province,
K0021,0,3880,Jaffna,Jaffna,Jaffna,Northern Province,
K0021,37380,41800,Jaffna,Jaffna,Jaffna,Northern Province,
K0021,3880,37380,Changani,Jaffna,Jaffna,Northern Province,
K0021,41800,55380,Mandan,Point Pedro,Jaffna,Northern Province,
K0022,0,430,Uda malala,Hambantota,Hambantota,Southern Province,
K0023,0,6310,Mankadawala,Anuradhapura,Anuradhapura,North Central Province,
K0024,0,1000,Inamaluwa,Nalanda,Matale,Central Province,
K0025,0,1050,Thisa Wewa,Anuradhapura,Anuradhapura,North Central Province,
K0026,0,5940,Matale,Matale,Matale,Central Province,
K0027,0,1870,Panadura,Kalutara,Kalutara,Western Province,
K0028,0,910,Ja-ela,Negambo,Gampaha,Western Province,
K0029,0,19230,Mirigama,Nittambuwa,Gampaha,Western Province,
K0030,0,8850,,Point Pedro,Jaffna,Northern Province,
K0031,0,5010,Mandan,Point Pedro,Jaffna,Northern Province,
K0031,5010,18970,Kaithadi,Point Pedro,Jaffna,Northern Province,
K0032,0,4915,Jaffna,Jaffna,Jaffna,Northern Province,
K0032,4915,13610,Kaithadi,Point Pedro,Jaffna,Northern Province,
K0033,0,1760,Samanthurai,Kalmunai,Akkaraipattu,Add.P Akkaraipattu,
K0034,0,,Nugaduwa,Galle,Galle,Southern Province,
K0035,0,1750,Parakaduwa,Ratnapura,Ratnapura,Sabaragamuwa Province,
K0036,0,765,Nugaduwa,Galle,Galle,Southern Province,11.0
K0037,0,2275,Meewathura,Kadugannawa,Kandy,Central Province,
K0038,0,5120,Walachchenei,Batticaloa,Batticaloa,Eastern Province,
K0039,0,3230,Changani,Jaffna,Jaffna,Northern Province,
K0039,3230,24546,Velanai,Jaffna,Jaffna,Northern Province,
K0040,0,700,Wattala,Negambo,Gampaha,Western Province,
K0041,0,4180,Weligama,Matara,Matara,Southern Province,
K0042,0,3760,Gatambe,Kandy,Kandy,Central Province,
K0043,0,1150,Pelwatta,Monaragala,Monaragala,UVA Province,
K0044,0,24030,Mahiyanganaya,Mahiyanganaya,Badulla,UVA Province,
K0044,24030,46865,Dehiatthakandiya,Dehiatthakandiya,Ampara,Add.P Akkaraipattu,
K0044,46865,72410,Siripura,Polonnaruwa,Polonnaruwa,North Central Province,
K0045,0,910,Kaluaggala,Avissawella,Colombo,Western Province,
B0022,0,500,Gampaha,Gampaha,Gampaha,Western Province,
AC005,0,4600,Orugodawatta,Colombo,Colombo,Western Province,
AC005,4600,8100,Nawala,Colombo,Colombo,Western Province,
B1001,0,0.3,Kadugannawa,Kadugannawa,Kandy,Central Province,
,0,100,Nawala,Colombo,Colombo,Western Province,
,0,1300,Nawala,Colombo,Colombo,Western Province,
,,,Nawala,Colombo,Colombo,Western Province,
,,,Nawala,Colombo,Colombo,Western Province,
,,,Nawala,Colombo,Colombo,Western Province,
,0,200,Nawala,Colombo,Colombo,Western Province,
,0,500,Orugodawatta,Colombo,Colombo,Western Province,
,0,500,Orugodawatta,Colombo,Colombo,Western Province,
,,,Kaduwela,Colombo,Colombo,Western Province,
,,,Kaduwela,Colombo,Colombo,Western Province,
,0,,Ja-ela,Negambo,Gampaha,Western Province,
,,,Madampalla ,Negambo,Gampaha,Western Province,
,0,800,Ratmalana,Colombo,Colombo,Western Province,
,0,600,Nittambuwa,Nittambuwa,Gampaha,Western Province,
,,,Kadawatha,Gampaha,Gampaha,Western Province,
,0,260,Gampaha,Gampaha,Gampaha,Western Province,
,0,480,Gampaha,Gampaha,Gampaha,Western Province,
,0,400,Gampaha,Gampaha,Gampaha,Western Province,
,,,Gampaha,Gampaha,Gampaha,Western Province,
,0,200,Pattiwila,Gampaha,Gampaha,Western Province,
,0,0.4,Karandeniya,Galle,Galle,Southern Province,
,0,11.7,Epitawala,Ratnapura,Ratnapura,Sabaragamuwa Province,
,0,2680,Kaduruwela,Polonnaruwa,Polonnaruwa,North Central Province,
,0,0,Udadumbara,Kundasale,Kandy,Central Province,
,0,,Gatambe,Kandy,Kandy,Central Province,
,0,,Gatambe,Kandy,Kandy,Central Province,
,0,,Gatambe,Kandy,Kandy,Central Province,
,0,,Gatambe,Kandy,Kandy,Central Province,
,0,,Gatambe,Kandy,Kandy,Central Province,
,0,910,Horaketiya,Pelmadulla,Ratnapura,Sabaragamuwa Province,
,,,Malwala,Ratnapura,Ratnapura,Sabaragamuwa Province,
,,,Malwala,Ratnapura,Ratnapura,Sabaragamuwa Province,
,,,Yatiyanthota,Ruwanwella,Kegalle,Sabaragamuwa Province,
,,,Ingiriya,Horana,Kalutara,Western Province,
,,,,Kalutara,Kalutara,Western Province,
,,,Warakapola,Kegalle,Kegalle,Sabaragamuwa Province,
,,,Hali-Ela,Badulla,Badulla,UVA Province,
,,map,Pelwatta,Monaragala,Monaragala,UVA Province,
,,map,Pelwatta,Monaragala,Monaragala,UVA Province,
,0,,Ampara,Ampara,Ampara,Add.P Akkaraipattu,
,,,Ampara,Ampara,Ampara,Add.P Akkaraipattu,
,0,3000,Muthur,Trincomalee,Trincomalee,Eastern Province,
,0,13500,Mavatichenai,Trincomalee,Trincomalee,Eastern Province,
,0,659,Kaluaggala,Avissawella,Colombo,Western Province,
B0527,,,Bibile,,,,1.0
A0017,,,Ulhiduwawa (sub),,,,28.0
A0015,,,Walachchenei,,,,1.0
